id,nombre,categoria,precio,descripcion,ciudad,imagen,link,precio_cop,precio_cop_valor
MCO2071478818,Detector De Gas Natural Aicevoos Con Pantalla De Concentraci,Concentrado para ganado,284.711,"Detector de gas natural Aicevoos con pantalla de concentración de gases, detector de fugas de Gas F12 con cuello de ganso de 17 pulgadas, localizando la fuente de propano, gas natural y combustible Fuga de gas para el hogar y la RV (incluida la batería x3)Detecta gases combustibles con alcohol, Ammonio, butano, gasolina, hidrógeno, metano, gas natural, propano etc...

- Detector de fugas de gas eficaz El detetor de gases naturales Aicevoos FC puede ayudar con precisión localiza la fuga de gas combustible en un espacio apretado, tal como metano, gas natural, propano, GLP, gasolina, etc. *Nota: Por favor, permita 20 segundos de tiempo de calentamiento antes de la operación
Sonda flexible fácil de usarCon cuello de ganso flexible de 17 pulgadas( doblable en cualquiera dirección), el detector portátil de fugas de gas facilita acceso a áreas de difícil acceso, tales como gasoductos de gas natural, tanques de almacenamiento de propano, gas chimeneas, alcantarillados, sótano, autocaravanas y otro espacio estrecho. Se puede llevar a cualquier lugar para encontrar fugas al aire libre o en interior
- Alarma visual y ligera y audible Monitor de gas mejorado: funcionamiento fácil, LCD visualización en tiempo real. Alarma para luz, indicación de sonido tan rápido como 0,5 segundos de detección. Con pantalla LCD retroiluminada La concentración de gas combustible se puede leer claramente en la oscuridad. Alarma visual y sonora reaccionará seriamente a medida que la concentración de gas aumente. Sensibilidad alta y baja podría promover una detección más precisa.
- Funciones amigas del usuario U puede configurarlo para que se apague automáticamente, el el detector se apagará para ahorrar energía con una inacción de 10 minutos
- ¿Qué obtienes?Detector de fugas de gas 1×F12, baterías 3×AAA, maleta protectora de estrume, y 1×Manual del usuario. Por favor, no dude en contactarnos si tiene alguna pregunta o preocupación",,https://http2.mlstatic.com/D_NQ_NP_904492-CBT114172534059_072026-O.webp,https://www.mercadolibre.com.co/detector-de-gas-natural-aicevoos-con-pantalla-de-concentraci/p/MCO2071478818,882.604,882604.10
MCO1641784929,Reskine Colágeno Marino + Ganoderma,Concentrado para ganado,273.000,"Reskine Collagen Drink de Gano Excel es un suplemento alimenticio diseñado específicamente para aquellos que buscan mejorar su salud y bienestar. Con una mezcla única de colágeno marino y Ganoderma lucidum, este producto se destaca por sus propiedades antioxidantes y su capacidad para promover una piel sana, mientras aporta beneficios a las articulaciones y el sistema inmune.

Este suplemento se presenta en cómodos sachets listos para el consumo, lo que facilita su inclusión en su rutina diaria. Sus ingredientes de alta calidad, como betaglucanos de Ganoderma, quinoa, jugo de manzana concentrado, extracto de goji y jugo de aloe vera, ofrecen un perfil nutricional equilibrado y natural, libre de gluten y lactosa, ideal para veganos y personas con dietas restringidas.

Reskine Collagen Drink no solo es fácil de llevar, sino que también se adapta a cualquier estilo de vida, proporcionando un impulso de nutrientes esenciales sin complicaciones. Al incorporar este suplemento en tu día a día, puedes apoyar tu bienestar general y disfrutar de una sensación de vitalidad y energía.

Garantía de fábrica: 6 meses",,https://http2.mlstatic.com/D_NQ_NP_792747-MCO93518902685_092025-O.webp,https://www.mercadolibre.com.co/reskine-colageno-marino--ganoderma/up/MCOU3357063988#polycard_client=search-desktop&be_origin=backend&overlay_label=not_apply&search_layout=grid&position=2&type=product&tracking_id=526b17d2-40b1-4a27-9001-111a18fbc5bc&wid=MCO1641784929&sid=search,846.300,846300.00
MCO2059416064,"Cargador Usb-c De 200 W, Concentrador De Estación Azul Claro",Concentrado para ganado,184.610,"POR FAVOR LEA ATENTAMENTE ANTES DE COMPRARPor que comprar con MS GLOBAL?Todos nuestros productos son 100% originales, nuevos e importados de Estados Unidos. Tenemos cobertura de entrega en todo el pais.Tu compra esta protegida! - - - - - - - - - - - - - - - PRODUCTO: Bloque de cargador USB C de 200 W, concentrador de estacion de carga rapida USB C GaN III 8 en 1, cargador de viaje con adaptador de cargador para computadora portatil PD 65 W, para MacBook S24-azul claro DESCRIPCION: Bloque de cargador USB C, cargador de escritorio rapido GaN III actualizado de 8 puertos, estacion de carga rapida PD 65W, adaptador de cargador para computadora portatil para todos los dispositivosLos detalles lo hacen sobresaliente:- Organizador de carga 8 en 1, devuelve tu escritorio ordenado. Enciende hasta 8 dispositivos simultaneamente, despidete de los problemas con los enchufes. Ya sea en casa, en la oficina o mientras viaja, mantengase cargado con facilidad.- Compatible con protocolos de carga multi-rapida, el puerto C1 admite una salida de hasta 65 W, lo que permite una carga rapida para computadoras portatiles y otros dispositivos de alta potencia.- Tecnologia de chip de generacion GaN III adaptada, sistema de proteccion multiple incorporado, reduce el tamano y el peso del bloque del cargador USB C y con mayor eficiencia energetica, menos generacion de calor.- El cuerpo estampado de sarga + el material ignifugo ABS lo convierten en una estacion de carga de escritorio integrada y elegante.- Cargador USB compacto listo para viajar, viene con un cable de alimentacion desmontable de 5 pies que es mas conveniente para desconectar y transportar, y sin limitacion de cable corto.- El adaptador de corriente USB C compatible con computadoras portatiles, telefonos inteligentes, tabletas, Airpods, Steam Deck, parlantes, ... ?Nueva estacion de carga USB 2024: potencia maxima, tiempo minimo?Bloque de carga rapida USB C con 4 puertos USB C y 4 puertos USB A, compatible con una variedad de protocolos de carga rapida, incluidos PPS, PD3.0, QC4.0+, 3A, AFC, SCP y mas, proporciona una experiencia de carga mas rapida para sus dispositivos. El puerto unico USB C1 de 65 W puede aumentar eficientemente el Macbook Pro hasta un 50 % o el iPhone 15 hasta un 71 % en 30 minutos. Experimente la comodidad de alimentar 8Los dispositivos a la vez con estaciones de carga FOCHEW tienen una potencia total de 200W. ?Tecnologia avanzada GaN III - Tamano mas pequeno, eficiencia optima? Cargador USB C GaN con mayor eficiencia energetica y disipacion de calor mejorada, chip integrado de nitruro de galio (GaN) premium que hace que nuestra estacion de carga USB C sea mas pequena y segura sin sacrificar una gota de energia, tambien con proteccion contra sobrecarga, proteccion contra sobrecalentamiento, proteccion contra cortocircuitos, proteccion contra sobrecorriente y proteccion contra sobretension, ademas, la carcasa esta hecha de material ignifugo PC V0, maximizando la seguridad de carga. ?Diseno compacto y portatil?El cargador GaN de carga rapida con bloque de cargador USB C le permite despedirse de multiples cargadores voluminosos, mide solo 4,90 x 3,09 x 1,18 pulgad... Color: Light Blue Marca: FOCHEW Dimensiones: 0.03 x 0.125 x 0.078 mtsPeso del Producto: 0.372 Kilogramos.Peso de Envio: 0.372 Kilogramos. - - - - - - - - - - - - - - - IMPORTANTE- Rapidez en envio: PRODUCTO DISPONIBLE para envio Internacional (Se demora aproximadamente 25 dias en llegar a tu casa -dependiendo tu codigo postal-).- No realizamos factura fiscal.- Muchos de nuestros productos se venden en EEUU y vienen en idioma ingles, medidas en pies o pulgadas, y funcionan a 110V. (Ejemplo: juegos, libros, electronicos, alfombras, etc). - Asesoria: Aclara todas tus dudas sobre compatibilidad en la seccion de preguntas, estamos para servirte.Gracias por confiar en nosotros!",,https://http2.mlstatic.com/D_NQ_NP_625548-CBT110267759982_052026-O.webp,https://www.mercadolibre.com.co/cargador-usb-c-de-200-w-concentrador-de-estacion-azul-claro/p/MCO2059416064#polycard_client=search-desktop&be_origin=backend&overlay_label=not_apply&search_layout=grid&position=3&type=product&tracking_id=526b17d2-40b1-4a27-9001-111a18fbc5bc&wid=MCO3922145540&sid=search,572.291,572291.00
MCO1860812133,Reskine Colágeno Marino + Ganoderma,Concentrado para ganado,273.000,"Reskine Colágeno Marino + Ganoderma es un suplemento alimenticio diseñado para quienes buscan mejorar su bienestar general. Este producto de Gano Excel combina colágeno marino de alta calidad con Ganoderma Lucidum, conocido por sus propiedades antioxidantes y energizantes. Su formato en bebida lista para el consumo facilita su incorporación en la rutina diaria, ideal para personas activas que desean mantener su vitalidad.

Cada sachet contiene una mezcla nutritiva que incluye quinua roja líquida, extracto de frutos rojos, concentrado de jugo de manzana, jugo de aloe vera, extracto de goji y jugo de espinaca en polvo. Esta combinación no solo apoya la salud de la piel, sino que también contribuye a un sistema inmunológico fuerte y a una mejor digestión.

Reskine es libre de gluten y no contiene lactosa, lo que lo convierte en una opción adecuada para diversas dietas. Su fórmula está diseñada para ser consumida por personas de todas las edades, brindando un impulso nutricional que se adapta a las necesidades de cada individuo.

Incorporar Reskine Colágeno Marino + Ganoderma en tu día a día es una forma sencilla de cuidar tu salud y bienestar. Disfruta de una bebida deliciosa y nutritiva que te ayudará a sentirte mejor desde adentro hacia afuera.

Garantía de fábrica: 6 meses",,https://http2.mlstatic.com/D_NQ_NP_742959-MCO107999911188_032026-O.webp,https://www.mercadolibre.com.co/reskine-colageno-marino--ganoderma/up/MCOU3849701248#polycard_client=search-desktop&be_origin=backend&overlay_label=not_apply&search_layout=grid&position=4&type=product&tracking_id=526b17d2-40b1-4a27-9001-111a18fbc5bc&wid=MCO1860812133&sid=search,846.300,846300.00
MCO2084168915,Concentrador De Alimentación Usb C Gan Iii Mivicoo De 660 W Y 10 Puertos,Concentrado para ganado,296.381,"ZERO INTERNACIONAL - VENDIDA GLOBAL PLATÍNICA
Horario de asistencia al cliente (mensajes y preguntas): Lunes a viernes a partir de las 10:00 AM a las 20:00 PM GMT-3 (Buenos Aires)

---------------------

Hubo del cargador USB C de Mivicoo 660W 10 puertos GaN III

Experimente la próxima generación de carga con la estación de recarga Mivicoo 660W, diseñado para alimentar todos sus dispositivos simultáneamente. Equipado con tecnología GaN III de vanguardia y un total de 10 puertos, esta estación de carga es la solución definitiva para el hogar, oficina o viaje. Olvídate de cargadores voluminosos y salidas insuficientes; Mivicoo ofrece eficiencia y comodidad en un solo dispositivo.

Con seis puertos USB-C y cuatro USB - A, esta estación puede cargar rápidamente hasta 10 dispositivos, incluyendo portátiles, smartphones, relojes inteligentes y tabletas. Disfrute de velocidades extremas que le permiten cargar sus dispositivos desde 0% hasta el 60% en unos 30 minutos, optimizando su tiempo y manteniendo su gadgets listos para la acción con alta eficiencia y bajo consumo de energía.

La seguridad es una prioridad, y Mivicoo lo asegura con su GaN avanzado Tecnología de chip III, proporcionando múltiples capas de protección. Este sistema protege sus dispositivos contra sobrecarga, sobrecalentamiento, cortocircuitos, exceso de corriente y sobretensión. Además, incorpora un sistema inteligente de monitoreo de temperatura y reconocimiento de tensión inteligente, asegurando una carga segura y prolongando la vida útil de su electrónica. Su diseño ligero y portátil lo hace un accesorio indispensable para cualquier viajero.

Características clave:
- Carga de velocidad extrema con tecnología GaN III.
- Seis puertos USB-C: dos 140W, dos 65W y dos 30W PD PPS.
- Cuatro puertos de carga rápida USB-A 60W QC.
- Carga rápida simultánea para hasta 10 dispositivos.
- Protección integral contra sobrecarga, sobrecalentamiento y cortocircuitos.
- Sistema inteligente de monitoreo de temperatura y reconocimiento de tensión inteligente.
- Diseño ligero y portátil, ideal para viajes y diversos ambientes.
- Compatibilidad amplia con portátiles, smartphones, tabletas, audífonos y más.

Especificaciones:
- Marca: Mivicoo
- Modelo: Carga de 660W
- Color: Negro
- Puertos USB: 10 (6 USB C, 4 USB A)
- Potencia total: 660W
- Tecnología: GaN III

Peso del paquete: 0,73 kg
Tamaño del paquete: 18 x 12 x 7 cm

---------------------

ENVÍO INTERNACIONAL:
Los plazos de entrega dependen de la logística de aduanas e importaciones. Sin embargo, puede ver un tiempo de entrega estimado bastante preciso en la lista.
Todos los envíos incluyen seguimiento y soporte de nuestro equipo.

COSTOS:
Mientras que el nuevo sistema internacional de compras proporciona una experiencia más suave, es importante considerar los costos de importación añadidos al precio del producto. Esto incluye principalmente el IVA, que debe ser pagado en el momento de la compra. Además, si el precio del producto excede de USD 400, se aplicarán derechos de importación, como se detalla en su resumen de compra.

GARANTÍA:
Todos nuestros productos vienen con una garantía de 30 días, incluyendo devoluciones expresas en caso en que el producto tenga algún defecto.

COMPATIBILIDAD ELECTRICA:
Algunos productos pueden estar diseñados para 110V dependiendo de su país de origen. Recomendamos comprobar la tensión antes de comprar y, si es necesario, usando transformador para un funcionamiento adecuado.

Garantía del vendedor: 30 días",,https://http2.mlstatic.com/D_NQ_NP_741945-CBT114186980840_082026-O.webp,https://www.mercadolibre.com.co/concentrador-de-alimentacion-usb-c-gan-iii-mivicoo-de-660-w-y-10-puertos/up/MCOU4546870429#polycard_client=search-desktop&be_origin=backend&overlay_label=not_apply&search_layout=grid&position=5&type=product&tracking_id=526b17d2-40b1-4a27-9001-111a18fbc5bc&wid=MCO2084168915&sid=search,918.781,918781.10
https://www.mercadolibre.com.co/sal-mineralizada--al-11----40-kilos-agro/up/MCOU2430226773,"Sal Mineralizada Al 11 % * 40 Kilos, Agro",Sal mineralizada bovinos,150.282,"Descripción: Sal Mineralizada Al 11 % * 40 Kilos, Agro
Cantidad: 40 KILOS BULTO
Peso:40 KILOS
LO MEJOR EN NUTRICION GANADERA Y EQUINA

Sin garantía",,https://http2.mlstatic.com/D_NQ_NP_987720-MCO45246537177_032021-O.webp,https://www.mercadolibre.com.co/sal-mineralizada--al-11----40-kilos-agro/up/MCOU2430226773,465.874,465874.20
MCO614802584,Sal Mineralizada Somex Al 6 % * 40 Ki - Kg A $3748,Sal mineralizada bovinos,261.680,"Descripción: Sal Mineralizada Somex Al 6 % * 40 Kilos
Cantidad: 40 KILOS BULTO
Peso:40 KILOS
LO MEJOR EN NUTRICION GANADERA Y EQUINA

Sin garantía",,https://http2.mlstatic.com/D_NQ_NP_612562-MCO45437751652_042021-O.webp,https://www.mercadolibre.com.co/sal-mineralizada-somex--al-6---40-ki--kg-a-3748/up/MCOU2430226719#polycard_client=search-desktop&be_origin=backend&overlay_label=not_apply&search_layout=grid&position=2&type=product&tracking_id=80f01748-fc8f-4b26-8f3f-02b5e94504ba&wid=MCO614802584&sid=search,811.208,811208.00
MCO613541879,Sal Mineralizada Somex Al 4 % * 40 Ki - Kg A $3498,Sal mineralizada bovinos,212.368,"Descripción: Sal Mineralizada Somex Al 4 % * 40 Kilos
Cantidad: 40 KILOS BULTO
Peso:40 KILOS
LO MEJOR EN NUTRICION GANADERA Y EQUINA

Sin garantía",,https://http2.mlstatic.com/D_NQ_NP_733275-MCO45437912097_042021-O.webp,https://www.mercadolibre.com.co/sal-mineralizada-somex--al-4---40-ki--kg-a-3498/up/MCOU2434937736#polycard_client=search-desktop&be_origin=backend&overlay_label=not_apply&search_layout=grid&position=3&type=product&tracking_id=80f01748-fc8f-4b26-8f3f-02b5e94504ba&wid=MCO613541879&sid=search,658.341,658340.80
MCO3828183698,Sal Mineralizada 6% 40 Kg,Sal mineralizada bovinos,230.000,Sal Mineralizada 6% 40 Kg. Publicación de Mercado Libre Colombia sin descripción detallada del vendedor.,,https://http2.mlstatic.com/D_NQ_NP_918696-MLA109275215674_042026-O.webp,https://www.mercadolibre.com.co/sal-mineralizada-6--40-kg/up/MCOU3892256714#polycard_client=search-desktop&be_origin=backend&overlay_label=not_apply&search_layout=grid&position=4&type=product&tracking_id=80f01748-fc8f-4b26-8f3f-02b5e94504ba&wid=MCO3828183698&sid=search,713.000,713000.00
MCO66774838,Sal Del Himalaya En Bloque X 2.5kg Aproximadamente,Sal mineralizada bovinos,36.100,"BLOQUES DE SAL ROSADA DEL HIMALAYA PARA EQUINOS




Los bloques de sal del Himalaya son además de ser un juguete desestresante para su equino, el suplemento perfecto de nutrición y minerales de sal para ganado, caballos y otros animales. Con todos los nutrientes esenciales que necesita el animal en todas las etapas de la vida, son una parte esencial de la alimentación diaria.

Los bloques de sal son especialmente importantes en condiciones climáticas adversas y entornos con poca disponibilidad de los nutrientes necesarios, así como elementos como fósforo, sodio, calcio, hierro, zinc y otros oligoelementos necesarios para la formación de huesos, músculos y otros en animales. Las vacas lactantes, por ejemplo, son particularmente vulnerables a la deficiencia de sal y todos los días, necesitan sal para producir leche que contenga una buena cantidad de sodio y cloruro.

Los bloques de sal del Himalaya son más que solo sal: son un complemento de salud completo para ganado, incluidos caballos, vacas, búfalos. El ganado requiere sal todos los días para el mantenimiento de la presión osmótica, el equilibrio ácido-base, el equilibrio líquido-cuerpo, la transmisión nerviosa y el transporte activo de aminoácidos, así como la absorción celular de la proteína transportadora de glucosa, y el sodio, como parte de la sal, proporciona la mayoría de reserva alcalina en plasma. El cloro es necesario para la activación de la amilasa, la formación de ácido gástrico de HCl, y es fundamental para la respiración y la regulación del pH de la sangre.

La deficiencia de sal puede causar calambres musculares, pelo áspero, disminución de la ingesta de alimento, lamer y masticar varios objetos, así como una disminución de la producción. Las vacas lecheras son las más afectadas primero por la deficiencia de sal y pueden colapsar y morir si han tenido deficiencia de sal durante un largo período de tiempo.

Es extraída de una roca de cristal de sal de grado alimenticio para elaborar bloques de sal comprimida natural. La sal de lamer natural viene con cuerda para colgarla fácilmente en cercas y

ramas de árboles en el pasto. Estos bloques de sal son resistentes a la intemperie y se producen en diferentes pesos para colgarlas en la granja y los campos para que los animales se 'auto-dosifiquen' según sea necesario.


Los bloques de sal naturales no se procesan y no tienen aditivos químicos, son puramente orgánicos y económicos como nutrientes para el ganado. Proporcionan al ganado y a los animales la cantidad correcta de minerales necesarios para un crecimiento y producción saludables.
Los bloques de sal comprimidos también están hechos de sal rosa 100% natural sin aditivos ni derivados.

PRESENTACIÓN:

Estos bloques de sal rosada del Himalaya natural que contienen 84 minerales y oligoelementos están disponibles en bloques de 2.5 Kls.",,https://http2.mlstatic.com/D_NQ_NP_662340-MLA108108829628_032026-O.webp,https://www.mercadolibre.com.co/sal-del-himalaya-en-bloque-x-25kg-aproximadamente/p/MCO66774838#polycard_client=search-desktop&be_origin=backend&overlay_label=not_apply&search_layout=grid&position=5&type=product&tracking_id=80f01748-fc8f-4b26-8f3f-02b5e94504ba&wid=MCO1863461635&sid=search,111.910,111910.00
MCO2065847666,"Jeringa Automática 30 Ml Para Ganado Bovino, Ovino Y Vacuno",Vacunas veterinarias bovinos,82.991,"Jeringa Automática 30 Ml Para Ganado Bovino, Ovino Y Vacuno. Publicación de Mercado Libre Colombia sin descripción detallada del vendedor.",,https://http2.mlstatic.com/D_NQ_NP_856943-MLM104262305721_012026-O.webp,https://www.mercadolibre.com.co/jeringa-automatica-30-ml-para-ganado-bovino-ovino-y-vacuno/p/MCO2065847666,257.272,257272.10
MCO2090394611,"Alicate De Castração Para Bovinos, Porcinos Y Caprinos Veter Gris",Vacunas veterinarias bovinos,151.749,"Versatilidad para especies de rebaños múltiples:** Desarrollado especialmente para ovejas, cabras, terneros y lechones, este instrumento veterinario satisface las necesidades de los criadores que trabajan con diferentes tipos de animales. Su adaptabilidad permite su uso en varias situaciones, haciéndolo práctico y herramienta eficiente para la gestión reproductiva.

**Mecanismo de castración eficiente y seguro:** La ligadura de acero interrumpe el flujo sanguíneo hacia los testículos, cortando los cordones espermáticos sin dañar el escroto o el scrotal saco. El procedimiento es rápido y evita abrir heridas, reduciendo significativamente el riesgo de hemorragias e infecciones. Esta técnica minimiza el estrés animal y facilita la recuperación.

**Riesgo bajo de infecciones y miasis postoperatoriamente:** Al no producir cortes abiertos o heridas en el escroto, el método reduce la exposición del animal agentes infecciosos e infestación por larvas de mosca (miasis). Esto contribuye a una recuperación más limpia y segura, sin la necesidad de curativos o cuidados intensivos.

**Operación en cualquier condición meteorológica:** A diferencia de otros métodos, este alicate permite castración independientemente de las condiciones meteorológicas lluvia, calor intenso, frío o sol. El animal puede volver inmediatamente al pasto después del procedimiento, sin necesidad de aislamiento o cuidado especial. Esta flexibilidad es esencial para la rutina del productor rural.

**Facilidad de uso sin conocimiento especializado:** El diseño intuitivo hace que la operación sencillo y directo. No requiere capacitación veterinaria avanzada, permitiendo que el propio productor ejecute el procedimiento con confianza. Si es necesario, se puede repetir la castración si el primer intento no tiene éxito, asegurando un mayor control sobre la gestión.

**Compatibilidad con diferentes tamaños de animales:** La estructura del alicate es tallada para adaptarse al tamaño de ovejas, cabras, terneros y lechones, ofreciendo un ajuste adecuado para cada especie. La manipulación es ergonómica y proporciona control durante la aplicación de la fuerza, evitando deslizamientos o molestias.",,https://http2.mlstatic.com/D_NQ_NP_763929-MLB91915104555_092025-O.webp,https://www.mercadolibre.com.co/alicate-de-castracao-para-bovinos-porcinos-y-caprinos-veter-gris/p/MCO2090394611#polycard_client=search-desktop&be_origin=backend&overlay_label=not_apply&search_layout=grid&position=2&type=product&tracking_id=f0e2f01d-e42f-4c39-8a04-d3664bf34651&wid=MCO2113276239&sid=search,470.422,470421.90
MCO2028241653,"Bebederos Para Ganado Ovino, Vacuno Y Porcino",Vacunas veterinarias bovinos,110.823,".
'Oveja Ganado Cerdo Granja Tazones Para Beber Herramientas Con Válvula Stock
Descripción:

Puede alimentar automáticamente a sus animales de granja con agua
, para mayor comodidad. Fabricado en acero inoxidable
, duradero. Gran capacidad de agua y con la válvula puede ajustar el agua.
Pueden ser excelentes herramientas para ahorrar mano de obra. Ampliamente
utilizado para diversos animales de granja, ganado, cabras, perros, caballos y cerdos, etc.

Especificación

: Tamaño 25x25x10 cm/9.84cm x9,84 x 3. 94 pulgadas
Material: acero inoxidable

El paquete incluye:

para beber automáticamente de animales de granja de 1 pieza

Nota:

El color puede ser ligeramente diferente debido a la calibración del color de cada monitor individual.
Permita una ligera

desviación de medición debido a la medición manual. P: ¿Sobre la disponibilidad?
R: Los productos que demostramos están disponibles.

P: ¿Sobre el costo de envío y el tiempo de entrega?
R: Todos los productos están con envíos gratis, no necesitas pagar el costo de envío ni impuestos. Se despachan desde China, demora unos 15 a 25 días en llegar y entregar.

P: ¿Ofrece factura?
R: Ofrecemos facturación en digital, puedes mandarnos un mensaje después de hacer el pedido si la necesitas. Sin embargo, esta factura no funciona como factura fiscal, no tiene sello de empresa.',",,https://http2.mlstatic.com/D_NQ_NP_722817-CBT81286095777_122024-O.webp,https://www.mercadolibre.com.co/bebederos-para-ganado-ovino-vacuno-y-porcino/p/MCO2028241653#polycard_client=search-desktop&be_origin=backend&overlay_label=not_apply&search_layout=grid&position=3&type=product&tracking_id=f0e2f01d-e42f-4c39-8a04-d3664bf34651&wid=MCO1517149263&sid=search,343.551,343551.30
MCO2073946240,Hígado De Res Alimentado Con Pasto Kenofor 4500 Mg 120 Cápsu,Vacunas veterinarias bovinos,25.081,"¿Qué es el hígado alimentado con pasto?
El hígado alimentado con pasto es un superalimento poderoso y una fuente natural de vitaminas y minerales. El hígado de res es una de las fuentes más respetadas en el mercado de alimentos selectos. ¡Los suplementos nutricionales también ayudan a proporcionar los beneficios de este superalimento de origen animal en una forma que es fácil de agregar a tu vida diaria!

Complementar el hígado alimentado con
pasto: el hígado alimentado con pasto puede venir en una variedad de formas de suplementos, como píldoras, tabletas, polvos a granel, cápsulas blandas y cápsulas. ¿Está buscando una fuente de hígado de animales alimentados con pasto de alta calidad para agregar a su dieta diaria?

Cápsulas de hígado alimentado con pasto KENOFOR: ¡Mejore
su vida diaria ahora con el hígado alimentado con pasto y sin cereales de KENOFOR, criado en pasturas y sin cereales! Este suplemento altamente innovador proporciona 4500 mg de hígado de animales alimentados con pasto (de vacas) en cada cápsula de liberación rápida. Nuestra fórmula sin gluten y sin OGM no contiene sabores ni conservantes artificiales y le proporciona los nutrientes que necesita para cumplir sus objetivos de suplementación.

Precauciones: Al igual que con cualquier suplemento dietético, si está embarazada, amamantando, intentando concebir, tomando medicamentos o tiene una afección médica, consulte a un profesional de la salud antes de usar este o cualquier otro producto.
Suspenda su uso si se presenta hipersensibilidad o alergia y manténgalo fuera del alcance de los niños. No lo use si el sello de seguridad bajo la tapa está roto o falta.
¡Compre con confianza!
Garantía sin riesgo: ofrecemos una garantía de 30 días para asegurarnos de que disfrutes de los beneficios o recibas un reembolso completo, sin hacer preguntas. Su satisfacción es nuestra máxima prioridad.",,https://http2.mlstatic.com/D_NQ_NP_844140-CBT78136819928_082024-O.webp,https://www.mercadolibre.com.co/higado-de-res-alimentado-con-pasto-kenofor-4500-mg-120-capsu/p/MCO2073946240#polycard_client=search-desktop&be_origin=backend&overlay_label=not_apply&search_layout=grid&position=4&type=product&tracking_id=f0e2f01d-e42f-4c39-8a04-d3664bf34651&wid=MCO2588877866&sid=search,77.751,77751.10
MCO3021870326,Zapatos Mary Jane Rivet De Piel De Vacuno Negro 35-39,Vacunas veterinarias bovinos,290.815,"migua Zapatos Mary Jane de tacón grueso con remaches estilo Niche para mujer - Mocasines pequeños de piel negra tallada

- VERSATILIDAD ESTACIONAL: ideales para primavera, verano y otoño, estos zapatos Mary Jane son perfectos para la moda durante todo el año.
- DISEÑO DE REMACHES METÁLICOS: con un exclusivo detalle de remaches metálicos que añade una elegancia atrevida a cualquier atuendo.
- COMODIDAD DE ALTA CALIDAD: confeccionados con piel de vacuno de primera calidad para una comodidad y durabilidad superiores. El forro interior está hecho de suave piel de oveja para mayor lujo.
- FORMA DE PUNTA REDONDA: un diseño clásico de punta redonda garantiza estilo y
un amplio espacio para mayor comodidad. - COMODIDAD SIN CORDONES: estilo sin cordones fácil de llevar con cierre de hebilla, lo que los hace perfectos para estilos de vida ajetreados.

Especificaciones técnicas
: - Material superior: piel de vaca
- Material interior: piel de oveja
- Material de la
suela: caucho - Material de la plantilla: piel de oveja
- Altura del tacón: tacón medio (3-5 cm)
- Forma del dedo
: cabeza redonda - Origen: Dongguan, Guangdong
- Elementos populares: metal, costuras, Remaches, boca poco profunda, hebilla de cinturón,
estaciones adecuadas: primavera, verano y otoño,
estilo: Inglaterra/zapatos Brock,
género
aplicable: femenino, grupo de edad aplicable
: adulto, profundidad de apertura: mediana (7-11 cm),
tiempo de envío: 4 días más rápido, últimos 4 a 7 días.

Colores disponibles:
cuentas de piel de vaca negra con
bordes abiertos de 3,5 cm,
cuentas de piel de vacuno opalino de 3,5 cm

Tallas:
- 35, 36, 37, 38, 39

Nota: ¡Estos zapatos Mary Jane están en stock y listos para ser enviados! Los informes de inspección de calidad están disponibles a pedido.",,https://http2.mlstatic.com/D_NQ_NP_948861-MCO89734659608_082025-O.webp,https://articulo.mercadolibre.com.co/MCO-3021870326-zapatos-mary-jane-rivet-de-piel-de-vacuno-negro-35-39-_JM?searchVariation=184749232430#polycard_client=search-desktop&searchVariation=184749232430&be_origin=backend&overlay_label=not_apply&search_layout=grid&position=5&type=item&tracking_id=f0e2f01d-e42f-4c39-8a04-d3664bf34651&sid=search,901.526,901526.50
https://www.mercadolibre.com.co/mini-molde-de-perlas-de-opalo-redondas-de-silicona-transpare/up/MCOU4590882531,Mini Molde De Perlas De Ópalo Redondas De Silicona Transpare,Insumos agropecuarios,15.181,"Característica:
Esto es un pequeño molde de perlas ópalas redondas de 4 mm .
Fácil de usar y limpiar para el material de silicona.
Es perfecto para usarlo con resina. Puede agregar brillos y pigmentos,
Fácil de liberar, la resina está clara y el shinny sale de el molde.
Sólo moho, ¡otra demostración en la imagen no está incluida!

Pasos para hacer bricolaje:
1:Afeccione el agente de liberación del molde en el moho de silicona
2:Hit epoxi por agua hervida, pero no puede tocar el agua.
3:Mixar la relación epoxi a la adecuada
4:Mix toner en la epóxi
5:Portar la epoxínica en el molde
6: Espera hasta que se cure la epoxi

Especificación:
Material: Silicona
Color: transparente,
Patrón: Cuentas opales
Tamaño:
Diámetro de molde 3.5 para cm/1.4,
Espesor: 1 para cm/0.4,
Diámetro de las cuentas terminadas:4 mm
Un molde puede hacer 12 cuentas pcs una para el tiempo.
Cantidad: 1 Pz.
Nota: 1.Por favor, permita un error de 1-3cm debido a la medición manual. pls asegúrese de que no le importe antes de licitar.
2.Debido a la diferencia entre diferentes monitores, la imagen puede no reflejar el color real del elemento. Gracias!

El paquete incluye:
1 Pc x Molde de silicona.

Sin garantía",,https://http2.mlstatic.com/D_NQ_NP_667322-CBT114357865868_082026-O.webp,https://www.mercadolibre.com.co/mini-molde-de-perlas-de-opalo-redondas-de-silicona-transpare/up/MCOU4590882531,47.061,47061.10
MCO4373303676,"Árbol Frutal Orgánico - Alimento Vegetal Para Manzanas,",Insumos agropecuarios,344.990,"DESCRIPCION DEL PRODUCTO

Fórmula Equilibrada para Árboles Frutales (6 2 4): Favorece el crecimiento saludable, la floración y la producción de frutos en árboles y arbustos.
Orgánico y con certificación OMRI: libre de productos químicos sintéticos y seguro para la jardinería orgánica.
Nutrición de Larga Duración: Los nutrientes de liberación lenta alimentan de manera constante durante toda la temporada de crecimiento.
Mejora la fertilidad del suelo: Enriquece el suelo con materia orgánica y promueve la vida microbiana beneficiosa.
Ideal para una amplia gama de plantas: perfecto para manzanas, melocotones, cítricos, bayas, higos, uvas y más.
Nota: este es un producto importado y, por lo tanto, el envio puede tardar un poco mas de lo habitual.

---------------------------------------
PRODUCTO IMPORTADO DESDE EE.UU.
---------------------------------------

Este articulo es importado directamente desde Estados Unidos.
El tiempo de entrega estimado es de 10 a 13 dias habiles,
incluyendo transporte internacional y proceso de aduanas en Colombia.

---------------------------------------
GARANTIA DIRECTA CON NOSOTROS
---------------------------------------

Garantia de satisfaccion: te acompanamos en cada etapa del proceso.
Garantia del fabricante original incluida con el producto.
Resolvemos cualquier inconveniente post-compra directamente.

Ante cualquier duda, escribenos por el chat de MercadoLibre.
Estamos para ayudarte.

Referencia: B08XDNDTNV

Garantía del vendedor: 30 días",,https://http2.mlstatic.com/D_NQ_NP_693406-MCO115327508582_082026-O.webp,https://www.mercadolibre.com.co/arbol-frutal-organico--alimento-vegetal-para-manzanas/up/MCOU4930288867#polycard_client=search-desktop&be_origin=backend&overlay_label=not_apply&search_layout=grid&position=2&type=product&tracking_id=a9221d9c-9c29-48f3-a832-03150c01726c&wid=MCO4373303676&sid=search,1.069.469,1069469.00
MCO59879234,Cascarilla Cáscara De Arroz 8 Kg Jardineros De La Sabana Para Agropecuaria,Insumos agropecuarios,34.900,"Cascarilla (cáscara de arroz), este subproducto proveniente de la actividad arrocera puede ser utilizado en varias actividades del sector agropecuario. Camas avícolas, floricultura, concentrados para animales, construcción y sustituto de combustibles fósiles, entre los usos que se le pueden dar. Presentación por un bulto (8 kilos), también disponible en presentaciones de 1 kilo y 1 libra.

Este producto es fabricado por Jardineros de la Sabana, garantizando calidad y confianza. Su modelo, Cascarilla 8K, es ideal para diversas aplicaciones. Con un volumen de 64 L y un peso de 8 kg, es fácil de manejar. El paquete tiene dimensiones de 40 cm de altura, 18 cm de largo y 33 cm de ancho, lo que facilita su almacenamiento. Además, cuenta con un embalaje adicional que asegura su integridad durante el transporte. Su rendimiento es de 1 m², lo que lo convierte en una opción eficiente para tus necesidades agropecuarias.",,https://http2.mlstatic.com/D_NQ_NP_696629-MLA100112693405_122025-O.webp,https://www.mercadolibre.com.co/cascarilla-cascara-de-arroz-8-kg-jardineros-de-la-sabana-para-agropecuaria/p/MCO59879234#polycard_client=search-desktop&float_highlight=last_unit&be_origin=backend&overlay_label=not_apply&search_layout=grid&position=3&type=product&tracking_id=a9221d9c-9c29-48f3-a832-03150c01726c&wid=MCO1696387325&sid=search,108.190,108190.00
MCO1926187187,Gorra Inspiracion Yeison Jimenez Color Negro Y Cafe,Insumos agropecuarios,80.910,"Gorra estilo regional colombiano, inspirada en el look tipo Yeison Jiménez. Diseño sobrio y moderno, ideal para quienes buscan un estilo vaquero actual con acabados diferentes al bordado tradicional.

Características:

Tipo: Gorra baseball

Estilo: Regional colombiano / Vaquero moderno

Diseño frontal: Figura de caballo en relieve tipo goma (no bordado)

Detalles laterales de alta calidad

Visera: Doble tono, material resistente

Ajuste: Cierre ajustable trasero

Talla: Única

Material: Tela de alta calidad y excelente durabilidad

Beneficios:

Diseño moderno con aplicación en relieve que destaca

Más resistente al desgaste que el bordado tradicional

Cómoda y liviana para uso diario

Combina fácilmente con outfits casuales y vaqueros

Ideal para:

Uso diario

Eventos, conciertos y salidas casuales

Regalo para amantes del estilo regional

Producto nuevo, listo para envío inmediato.

Garantía del vendedor: 30 días",,https://http2.mlstatic.com/D_NQ_NP_689382-MCO113690261176_072026-O.webp,https://www.mercadolibre.com.co/gorra-inspiracion-yeison-jimenez-color-negro-y-cafe/up/MCOU3948332632#polycard_client=search-desktop&float_highlight=last_units&be_origin=backend&overlay_label=not_apply&search_layout=grid&position=4&type=product&tracking_id=a9221d9c-9c29-48f3-a832-03150c01726c&wid=MCO1926187187&sid=search,250.821,250821.00
MCO2043912789,Gorra Agropecuaria Estilo Yeison Beige Borde Marron,Insumos agropecuarios,93.000,"Gorra estilo regional colombiano, inspirada en el look tipo Yeison Jiménez. Diseño sobrio y moderno, ideal para quienes buscan un estilo vaquero actual con acabados diferentes al bordado tradicional.

Características:

Tipo: Gorra baseball

Estilo: Regional colombiano / Vaquero moderno

Diseño frontal: Figura de caballo en relieve bordado

Detalles laterales de alta calidad

Visera: Doble tono, material resistente

Ajuste: Cierre ajustable trasero

Talla: Única

Material: Tela de alta calidad y excelente durabilidad

Beneficios:

Diseño moderno con aplicación en relieve que destaca

Más resistente al desgaste que el bordado tradicional

Cómoda y liviana para uso diario

Combina fácilmente con outfits casuales y vaqueros

Ideal para:

Uso diario

Eventos, conciertos y salidas casuales

Regalo para amantes del estilo regional

Producto nuevo, listo para envío inmediato.

Garantía del vendedor: 30 días",,https://http2.mlstatic.com/D_NQ_NP_829786-MCO114661937365_072026-O.webp,https://www.mercadolibre.com.co/gorra-agropecuaria-estilo-yeison-beige-borde-marron/up/MCOU4346366514?pdp_filters=item_id:MCO2043912789#is_advertising=true&searchVariation=MCOU4346366514&backend_model=search-backend&be_origin=backend&position=5&search_layout=grid&type=pad&tracking_id=a9221d9c-9c29-48f3-a832-03150c01726c&ad_domain=VQCATCORE_LST&ad_position=5&ad_click_id=YjdiOThiOTQtYjJmZS00NGQyLThiM2UtM2JhYzE3ZjZlZmMy,288.300,288300.00
MCO2933514876,Fertilizante Para Orquideas - Gel Florescencia Hersch.,Fertilizante agricola,64.900,"El Gel Florescencia para orquídeas Hersch es un fertilizante que alimenta y nutre a tus orquídeas con todos los nutrientes necesarios para que tu planta reflorezca con todo el vigor y te vuelva a dar la alegría de verla crecer con nuevas flores, botones y ramas. Fue creado por la Doctora Cilia Fuentes quien fue profesora de agronomía por más de 20 años en la Universidad Nacional y actualmente es cultivadora de orquídeas profesional. Cansada de los malos resultados con los fertilizantes para orquídeas decidió crear una fórmula avanzada que ayudaba a cualquier orquídea a reflorecer y crecer aun en condiciones difíciles. Ahora tu puedes beneficiarte de más de 6 años de investigaciones y solo necesitas aplicarlo cada 8 días con el agua del riego. Los resultados los vas a ver entre el cuarto y el octavo mes. Miles de personas ya han logrado reflorecer sus orquídeas con este alimento. Además el producto viene con 2 códigos QR que al escanearlos con la cámara de tu celular te llevan a un video instructivo sobre como aplicar el Gel en tu orquídeas y a un minicurso de orquídeas completamente grátis.

Garantía del vendedor: 1 años",,https://http2.mlstatic.com/D_NQ_NP_941018-MCO97795152972_112025-O.webp,https://www.mercadolibre.com.co/fertilizante-para-orquideas--gel-florescencia-hersch/up/MCOU3277296738?pdp_filters=item_id%3AMCO2933514876,201.190,201190.00
https://www.mercadolibre.com/jms/mco/lgz/msl/login/H4sIAAAAAAAEA1VQyY7CMAz9l5wRRZWYot5mfgOhyCRuscZZJnFZhPh3HOAyh0jJW-3cDaeZopVbRjMavGYmR2JWJjPIlEqw5JUIrFAlwc_TpSaBAgEFSzXjvQXN6H9QTS1qAq6oIljkZCdOF8VeXYpRtXhVXwS2FzyeCRv7z1Hwb8GqGiUonoHJ21ef2uek4Ekk17HrwNd1wOLAJ6ZjwbVLQU-XS_KLk29fzWOl2VWsFHC_ZpSyoM6V26oglOJ7p69-t9kM_TDoZbvtd1rk0TFF1A_YHx5PdfMXxysBAAA/user,Ingresa tu e-mail o teléfono para iniciar sesión,Fertilizante agricola,,Ingresa tu e-mail o teléfono para iniciar sesión. Publicación de Mercado Libre Colombia sin descripción detallada del vendedor.,,,https://www.mercadolibre.com/jms/mco/lgz/msl/login/H4sIAAAAAAAEA1VQyY7CMAz9l5wRRZWYot5mfgOhyCRuscZZJnFZhPh3HOAyh0jJW-3cDaeZopVbRjMavGYmR2JWJjPIlEqw5JUIrFAlwc_TpSaBAgEFSzXjvQXN6H9QTS1qAq6oIljkZCdOF8VeXYpRtXhVXwS2FzyeCRv7z1Hwb8GqGiUonoHJ21ef2uek4Ekk17HrwNd1wOLAJ6ZjwbVLQU-XS_KLk29fzWOl2VWsFHC_ZpSyoM6V26oglOJ7p69-t9kM_TDoZbvtd1rk0TFF1A_YHx5PdfMXxysBAAA/user,,
MCO1636267456,"Leonardita, Acondicionador De Suelos 50 Kg",Fertilizante agricola,160.000,"Somos mercado Líder, por lo cual garantizamos la entrega y confiabilidad de nuestros productos, para poder tener una buena experiencia en tu compra, te recomendamos que leas detalladamente las siguientes recomendaciones.

SI REQUIERES COMPRAR 2 O MAS UNIDADES, DEBES HACER LAS COMPRAS POR SEPARADO PARA PODER REALIZAR EL DESPACHO; YA QUE MERCADOLIBRE SOLO PERMITE ENVIAR MAXIMO 50Kg POR PEDIDO.

1. Lee completamente la descripción del producto.
2. Utiliza el portal de preguntas si tienes alguna duda, por allí te respondemos en menos de 1 hora.
3. Mercado Libre no permite pagos contra entrega.
4. Revisa muy bien que sea el producto que necesitas para evitar devoluciones.
5. Despachamos todos los días de lunes a viernes, excluyendo festivos, las compras realizadas después de las 9 am serán despachadas al día hábil siguiente.
6. Verifica bien la dirección de envío, una vez realizada la compra, mercado libre genera una guía la cual no puede ser modificada,
7. Si es sector rural recomendamos asignar una dirección de algún familiar o persona conocida del municipio mas cercano, de lo contrario el paquete demora hasta 10 días en ser entregado y en algunos casos es devuelto.
8.si desea realizar mas de una compra, es aconsejable hacerlas por separado una a una.
************************************************************************************************************************************************************************************************************************************************

Por la compra de este producto recibe 50 kg de Leonardita cruda (Sin activar)

Para la elaboración del humato de potasico también tenemos a la venta por kg de hidroxido de potasio, solo se venderá en caso de realizar la compra de leonardita

VENTAJAS DE LA LEONARDITA APLICADA AL SUELO

• Los ácidos húmicos contenidos en LEONARDITA, mejoran las propiedades del suelo por su alta capacidad de retener e intercambiar nutrientes.
• Mejora la estructura del suelo. Lo hace más esponjoso, en especial los que presentan características arcillosas.
• Facilita la gestión del agua por parte del suelo. Esto sucede tanto en casos de exceso de agua, cuando ayuda a drenarla, como en la ausencia de la misma: en ese caso la retiene.
• Incrementa el crecimiento y la división celular de las plantas, mejorando de esta manera su crecimiento.
• Estimula el suministro de oxígeno a los microorganismos del suelo.
• Produce una mejor germinación de las semillas, hecho que incrementa la rentabilidad productiva.
• Potencia la formación de nódulos en el caso de leguminosas.
• Fortalece la resistencia de la planta a los ataques de distintas enfermedades.
• Permite una mejor resistencia a la sequía y a las heladas.
• Las sales minerales y la salinidad del sodio se verán drásticamente reducidos.
• Ayudan a regular el pH del suelo.
• Mantienen alejados los diferentes elementos tóxicos como pueden ser el Aluminio o el Estaño
• Los fertilizantes son mejor asimilados gracias a todas las propiedades que trae consigo.

• Es recomendable empezar con pequeñas dosis para ir adaptando a nuestras plantas a este nuevo producto, lo que nos permitirá ir aumentándolo en pequeñas cantidades con el paso del tiempo y donde veremos cómo tanto nuestro suelo como la propia planta crecen mucho más fuertes y obtienen todos los nutrientes necesarios para su correcto desarrollo.


DOSIFICACIONES
Suelos con más del 2% de materia Orgánica, Aplicar junto con el fertilizante en el fondo del surco ó a surco abierto, 40 a 60 kg/Ha, se recomienda agregar 10 kg de Diatomeas.
Suelos con menos del 2% de materia Orgánica, Aplicar junto con el fertilizante en el fondo del surco o a surco abierto, 60 a 90 kg/Ha, se recomienda agregar 12,5 kg de Diatomeas.
Reduzca la fertilización (N, P, K) en un 30%.

Garantía de fábrica: 15 días",,https://http2.mlstatic.com/D_NQ_NP_804368-MLA78360057268_082024-O.webp,https://www.mercadolibre.com.co/leonardita-acondicionador-de-suelos-50-kg/up/MCOU2418661724?pdp_filters=item_id:MCO1636267456#is_advertising=true&searchVariation=MCOU2418661724&backend_model=search-backend&be_origin=backend&position=2&search_layout=grid&type=pad&tracking_id=1a25e647-0ef2-4d73-8215-1fbb14485693&ad_domain=VQCATCORE_LST&ad_position=2&ad_click_id=MzAyYTk3ZDQtYjM3Yi00OWYxLTkxYWEtMmNjYzI0M2U2ZGQ3,496.000,496000.00
MCO2808519716,Fertilizante Órganico Líquido Y Jabon Potasico Aceite Neem,Fertilizante agricola,63.990,"Fertilizante Orgánico Líquido y Jabón Potásico Aceite Neem de la marca Diatomea es la solución ideal para quienes buscan un cuidado efectivo y natural para sus plantas. Este producto, en formato líquido concentrado, combina la potencia de los ácidos húmicos y fúlvicos, algas marinas, minerales y el aceite de neem, ofreciendo un enfoque integral para el crecimiento saludable de tus cultivos.

Diseñado para su uso en orquídeas, sustratos y agricultura, este fertilizante orgánico no solo nutre las plantas, sino que también actúa como un plaguicida natural, protegiendo tus cultivos de plagas y enfermedades. Su formulación segura y efectiva permite que puedas aplicarlo con confianza, sabiendo que estás utilizando un producto que respeta el medio ambiente y promueve la salud de tus plantas.

La línea Cuidado de Diatomea se enfoca en brindar soluciones que mejoren la experiencia de jardinería, facilitando el crecimiento y desarrollo de tus plantas de manera sostenible. Con el Fertilizante Orgánico Líquido y Jabón Potásico Aceite Neem, podrás disfrutar de un jardín vibrante y saludable, lleno de vida y color.

Garantía del vendedor: 30 días",,https://http2.mlstatic.com/D_NQ_NP_968697-MCO111829087061_052026-O.webp,https://www.mercadolibre.com.co/fertilizante-organico-liquido-y-jabon-potasico-aceite-neem/up/MCOU2983753975?pdp_filters=item_id:MCO2808519716#is_advertising=true&searchVariation=MCOU2983753975&backend_model=search-backend&be_origin=backend&position=3&search_layout=grid&type=pad&tracking_id=1a25e647-0ef2-4d73-8215-1fbb14485693&ad_domain=VQCATCORE_LST&ad_position=3&ad_click_id=YjQ4YjVlNGQtNWZkOS00YThlLTg5MTktYzdiMjdiMDNmOTM5,198.369,198369.00
MCO811328205,Guano 20kg - Confiabonos,Fertilizante agricola,84.000,"Sustrato ecológico de origen natural y animal. Con múltiples beneficios, es un sustrato muy valorado debido a sus numerosas propiedades.


Como abono, este es muy efectivo y todo ello se lo debe a sus tres componentes principales: nitrógeno, fósforo y potasio.

El guano es un fertilizante totalmente natural, sin ningún tipo de adictivo ni componente químico. Se suele usar para mejorar la fertilidad del suelo, pues aumenta los microorganismos y los nutrientes que necesitan las plantas para enraizar y crecer.

ventajas
Regeneración del terreno.
Cuenta con propiedades fungicidas y nematicidas, lo que ayudará a evitar la aparición de pestes o enfermedades.
Contiene hongos y bacterias que ayudan a crear un espacio en el que las plantas estás nutridas y son resistentes.
Es un excelente fertilizante.


****** PRODUCTO CON LÍMITE DE PESO ******

• Recuerda que tu compra por mercado envíos permite enviar hasta 50 kg por pedido, si tu pedido supera esta cantidad recomendamos hacer varias compras. De otra forma debes asumir costos de envío adicional en Kg, para más información revisa términos y condiciones o comunícate con nosotros.
********************************************************************************

Garantía del vendedor: 1 meses",,https://http2.mlstatic.com/D_NQ_NP_739716-MCO49191713975_022022-O.webp,https://www.mercadolibre.com.co/guano-20kg--confiabonos/up/MCOU2430660325?pdp_filters=item_id:MCO811328205#is_advertising=true&searchVariation=MCOU2430660325&backend_model=search-backend&be_origin=backend&position=4&search_layout=grid&type=pad&tracking_id=1a25e647-0ef2-4d73-8215-1fbb14485693&ad_domain=VQCATCORE_LST&ad_position=4&ad_click_id=ZmNkMWMzOTEtMzJmYy00NmM4LWIzNjUtYTU1NmUwYjQwZTIy,260.400,260400.00
MCO68338235,Alambre De Púa Calibre 16.5 X 400m Tornado / Agrofácil,Alambre de puas,200.355,"Alambre de púa calibre 16.5 con 400 metros de longitud.

Estructura compuesta por dos alambres con torsión continua y dos hilos entrelazados que forman las púas. Fabricado en acero galvanizado en caliente para maximizar su resistencia y durabilidad. Presenta altas propiedades mecánicas, facilitando el montaje y desmontaje.

Uso ideal para cerramientos o cercas agropecuarias, urbanas e industriales.

Especificaciones técnicas:
Longitud: 400 m
Calibre: 16.5
Peso por rollo: 14.55 Kg
Carga mínima de ruptura: 300 Kgf
Torsión de los hilos: Alterna (Sobrepuesta)
Distancia entre púas: 157 mm
Diámetro del alambre: 1.62 mm
Diámetro de la púa: 1.62 mm
Dimensiones: 32 cm de alto x 35 cm de ancho",,https://http2.mlstatic.com/D_NQ_NP_828378-MLA109737851694_042026-O.webp,https://www.mercadolibre.com.co/alambre-de-pua-calibre-165-x-400m-tornado-agrofacil/p/MCO68338235,621.100,621100.50
MCO46988520,Alambre De Púa Tornado Galvanizado Calibre 14.5 500m,Alambre de puas,350.000,"El Alambre De Púa Calibre 14.5 X 500m Tornado / Agrofácil es una solución robusta y eficiente para la creación de cercas seguras y duraderas. Con una distancia entre púas de 164 mm, este alambre está diseñado para ofrecer una protección efectiva en diversos entornos. Su calibre de 14.5 mm y un diámetro de 2.08 mm garantizan una resistencia superior, ideal para soportar condiciones adversas. Este modelo, galvanizado, asegura una larga vida útil al prevenir la corrosión, lo que lo convierte en una opción confiable para cerramientos agropecuarios, así como para cercas urbanas e industriales. Su fácil montaje y desmontaje lo hacen práctico para cualquier usuario, asegurando que la instalación sea rápida y eficiente. Con la marca Tornado, puedes confiar en la calidad y durabilidad de este producto, que se adapta perfectamente a tus necesidades de cercado.",,https://http2.mlstatic.com/D_NQ_NP_870452-MLA99526848174_122025-O.webp,https://www.mercadolibre.com.co/alambre-de-pua-tornado-galvanizado-calibre-145-500m/p/MCO46988520#polycard_client=search-desktop&be_origin=backend&overlay_label=not_apply&search_layout=grid&position=2&type=product&tracking_id=a13a37e0-3796-4128-b08e-0ed1dd26dcee&wid=MCO3512980142&sid=search,1.085.000,1085000.00
https://www.mercadolibre.com/jms/mco/lgz/msl/login/H4sIAAAAAAAEA1VPzW7CMAx-l5wRRZVYUW_wIpFJ3GLhNMFxgQnx7nPYLjtYsr8_2y_HeabF63dBNzp8FqZA6jauMOiUJXmKRiQ2qJLi3xhyk4BAQkWpbny1oBnjCc3UoibgiiaCVS9-4vww7LPLMKoen-ZbgP0Dz3fCxv5zCN5WrKYxgpY7MEX_2Wf2ORt4US117DqIdZtQAsTMdBbchpysuiI5rkGPsbr3xrKrehUIVzeqrGh3lfYqKOXl96ev_rDbDf0wWLPf9wf3_gF2GOL4HQEAAA/user-recaptcha-social,Ingresa tu e-mail o teléfono para iniciar sesión,Suplemento nutricional bovino,,Ingresa tu e-mail o teléfono para iniciar sesión. Publicación de Mercado Libre Colombia sin descripción detallada del vendedor.,,,https://www.mercadolibre.com/jms/mco/lgz/msl/login/H4sIAAAAAAAEA1VPzW7CMAx-l5wRRZVYUW_wIpFJ3GLhNMFxgQnx7nPYLjtYsr8_2y_HeabF63dBNzp8FqZA6jauMOiUJXmKRiQ2qJLi3xhyk4BAQkWpbny1oBnjCc3UoibgiiaCVS9-4vww7LPLMKoen-ZbgP0Dz3fCxv5zCN5WrKYxgpY7MEX_2Wf2ORt4US117DqIdZtQAsTMdBbchpysuiI5rkGPsbr3xrKrehUIVzeqrGh3lfYqKOXl96ev_rDbDf0wWLPf9wf3_gF2GOL4HQEAAA/user-recaptcha-social,,
