nombre,categoria,latitud,longitud,servicios,ciudad,imagen1,imagen2,imagen3,imagen4,descripcion,rating,habitaciones
Hotel Emporio Real,Hotele,5.334376,-72.396909,,Yopal,https://lh3.googleusercontent.com/gps-cs-s/AHRPTWkOYdMMreQcIbh6efeTodgXam0HT27qW0jIWgcJfl5AadsxSd0yj6YEQS2_-iCiHI3QTO71SWj1Iih9Xsnf3MB2balWFu5Fl1tlzvF03wbYDKJLEzc5nfVpp0vOI7NGOs3aiD3zoLwETvY=w408-h306-k-no,,,,"Hotel Emporio Real es un alojamiento ubicado en Yopal, Casanare, que ofrece hospedaje para viajeros de negocios y turismo en la región de los Llanos Orientales.",4.3,3
Hotel Danubio Azul,Hotele,5.3457943,-72.4025271,,Yopal,https://lh3.googleusercontent.com/gps-cs-s/AHRPTWmYRd2hKgLi_0-fKqnyZQuQdrJlDHRtDuKaeUsQr7xRjMf1W7WRaBfviL6bF2-B1KFE3ySts0rw860wEJkZAQjfUMS7Sc19CbahExr01H45FPxtfJqt7prKyBo5wKmVrV71skCJZ4M2MtT9=w408-h725-k-no,,,,"Hotel Danubio Azul es un alojamiento ubicado en Yopal, Casanare, que ofrece hospedaje para viajeros de negocios y turismo en la región de los Llanos Orientales.",4.7,3
Hotel Casa Morales Yopal,Hotele,5.3498865,-72.3978847,,Yopal,https://lh3.googleusercontent.com/gps-cs-s/AHRPTWnK0cytOnmNCrTpZqd446nJ4QCx59P6C2qJnsQ9aMDSSZxggoYM3PYEf_WjxjMKrq8awO7slt6Ekymvajzo2eTUBuu_BsPVEMPrAVVCOBF8Ix94DPlS79vXwuIhTN9odzxqhNHu=w427-h240-k-no,,,,"Hotel Casa Morales Yopal es un alojamiento ubicado en Yopal, Casanare, que ofrece hospedaje para viajeros de negocios y turismo en la región de los Llanos Orientales.",4.3,3
GHL Style Hotel Yopal,Hotele,5.335084,-72.3846863,,Yopal,https://lh3.googleusercontent.com/gps-cs-s/AHRPTWmIQPfFz7OZpcgsgDY_wZQNBLpkwLkrM8IY4GkrCnCrODyv00d3Zhgk9Avje-hwOlhZc87X3iHLIGb1AvpnFRamVmVO7RIQj3C7aCiakXkVsbTLyyXRP1rB7mOLLK12M8KrfVE=w408-h307-k-no,,,,"GHL Style Hotel Yopal es un alojamiento ubicado en Yopal, Casanare, que ofrece hospedaje para viajeros de negocios y turismo en la región de los Llanos Orientales.",4.6,2
Hotel La Fontana,Hotele,5.3471562,-72.4023658,,Yopal,https://lh3.googleusercontent.com/gps-cs-s/AHRPTWnShoGocIM2JEenfWgQUuslKAFPECT47nJRspg-sAkNQs3ke7v_RzgnY3oCFcIKi8T9aqRbgzLT0DpEvqE1PdxTt_kvJ3SR49BwvKiorDl8X96uuHn2b2iI7NXe-CN6uz1W_Om8aA=w408-h544-k-no,,,,"Hotel La Fontana es un alojamiento ubicado en Yopal, Casanare, que ofrece hospedaje para viajeros de negocios y turismo en la región de los Llanos Orientales.",4.3,3
Hotel Canacabare,Hotele,5.3471401,-72.3973348,,Yopal,https://lh3.googleusercontent.com/gps-cs-s/AHRPTWkL2O6SXdKd97UZq9z3WLCrTzFrKBDjAUSbWfs5z_TtOMhWhqmcDo0Rw8ddOm6lZMkrnllre7Hcmcu_b6BwjckfUMiqho-AncAKEBqI1qpE1R3GEftLYWqX3n3Vn-4p4Lm2Vu4=w408-h544-k-no,,,,"Hotel Canacabare es un alojamiento ubicado en Yopal, Casanare, que ofrece hospedaje para viajeros de negocios y turismo en la región de los Llanos Orientales.",4.3,2
Hampton by Hilton Yopal,Hotele,5.3348141,-72.38355,,Yopal,https://lh3.googleusercontent.com/gps-cs-s/AHRPTWnJ2OvwwP9_ReL2Y6GcZXGRZ4mqgLdgnUO1isq4-rdSv5dQWf3sZ32n_0YZsKmXUggy7_98MIc09RvG0ZyYe9cjUJwyuFenWmgu3pt5rfrVz8nyn4DqoxJ8i1JHNrzw0u6QSSB4WW_e5ump=w408-h408-k-no,,,,"Hampton by Hilton Yopal es un alojamiento ubicado en Yopal, Casanare, que ofrece hospedaje para viajeros de negocios y turismo en la región de los Llanos Orientales.",4.7,3
Hotel Torres Del Llano,Hotele,5.3456616,-72.3999269,,Yopal,https://lh3.googleusercontent.com/gps-cs-s/AHRPTWmhLKQbiL43t_23TjDZBZSltjaE3pHyUnHA9fxM1XOgHRzKWcK2iPR-0vUJ3iT_n9TcOs398pyuLXWjC6lefMCgocKhur04IemEFKGMiNwtyEt6YaLMgfqKI7dTT4qnnNDNCM5o1w=w456-h240-k-no,,,,"Hotel Torres Del Llano es un alojamiento ubicado en Yopal, Casanare, que ofrece hospedaje para viajeros de negocios y turismo en la región de los Llanos Orientales.",4.4,3
Hotel Camoruco,Hotele,5.3494752,-72.3989686,,Aguazul,https://lh3.googleusercontent.com/gps-cs-s/AHRPTWmdMvAEp2sYzkGeZBj23ZieZASDzbvrTrZnN6lw4EjZ47VfXdkZ2O9eqny4hgwbzxcX3NgDiVsCXSFyJNlzAmOjp71crXt5UkZGRBawEj_2XfeAvB_Dm1FWMB7ikjFKzd_CeO1m=w408-h272-k-no,,,,"Hotel Camoruco es un alojamiento ubicado en Aguazul, Casanare, que ofrece hospedaje para viajeros de negocios y turismo en la región de los Llanos Orientales.",4.5,3
Hampton by Hilton Yopal,Hotele,5.334814,-72.38355,,Aguazul,https://lh3.googleusercontent.com/gps-cs-s/AHRPTWnJ2OvwwP9_ReL2Y6GcZXGRZ4mqgLdgnUO1isq4-rdSv5dQWf3sZ32n_0YZsKmXUggy7_98MIc09RvG0ZyYe9cjUJwyuFenWmgu3pt5rfrVz8nyn4DqoxJ8i1JHNrzw0u6QSSB4WW_e5ump=w408-h408-k-no,,,,"Hampton by Hilton Yopal es un alojamiento ubicado en Aguazul, Casanare, que ofrece hospedaje para viajeros de negocios y turismo en la región de los Llanos Orientales.",4.7,3
Hotel Aguazul Plaza,Hotele,5.1704521,-72.5516863,,Aguazul,https://lh3.googleusercontent.com/gps-cs-s/AHRPTWlVv_OBTE3elDfmdlw6dzTUwJ03CrXJU-R-3fLXpoj0GXEwdf9hANAthAAkw6Gd0jOnL1Kt8C6kKkoPRdG4DuK37vkYjq5yritTYd-eII084ZMVDp99eYwiDjyWLlhUp_ci_EK5VQ=w408-h408-k-no,,,,"Hotel Aguazul Plaza es un alojamiento ubicado en Aguazul, Casanare, que ofrece hospedaje para viajeros de negocios y turismo en la región de los Llanos Orientales.",4.6,2
CENTRO VACACIONAL & HOTEL CAMPESTRE LAGO CENTER,Hotele,5.1573885,-72.5477601,,Aguazul,https://lh3.googleusercontent.com/gps-cs-s/AHRPTWlwJkXHsgubRCORiqJFC5wQpxSd18DiIVITgdwo4Nyhs3fbqFoXswrOrIfngwJifuGMWNt-Xn6KpM4u6hfDiCljnbvcLnSz2KBzbs0GaeQdec2_VWiHeJx9EYA4LE0wZ20469ma=w408-h272-k-no,,,,"CENTRO VACACIONAL & HOTEL CAMPESTRE LAGO CENTER es un alojamiento ubicado en Aguazul, Casanare, que ofrece hospedaje para viajeros de negocios y turismo en la región de los Llanos Orientales.",4.2,2
WISIRARE LODGE,Hotele,5.1920138,-72.3145411,,Aguazul,https://lh3.googleusercontent.com/gps-cs-s/AHRPTWkiU3N9tk00sfOAit_2Pl7shbfcU5ZwPgk5b_mzoi2ZauR8QSyirE_dSfFPxbDG_PJRfLU_mQBuKkgY2wujmzkiV-JKoMFVpXPH1zlGSUNdsAKhSCMLcpcDuHLAwvA7EPlwr-QcoAGxzuFd=w426-h240-k-no,,,,"WISIRARE LODGE es un alojamiento ubicado en Aguazul, Casanare, que ofrece hospedaje para viajeros de negocios y turismo en la región de los Llanos Orientales.",4.8,3
Hotel Los Potrillos,Hotele,5.1723659,-72.5487784,,Aguazul,https://lh3.googleusercontent.com/gps-cs-s/AHRPTWk6YCPXVcw6Hf72fhaGy-ah3j4Z34cFOjAVg6YKqVTIxkcc-HHUAp4v6o7RAmMj0Y_qDd_8hQFu2AT0uHaRVr-wQqsDpKk-6Cww0x1P7EYwGadKdAV_Yg3DI8HpaMnuEs_j2j1BdIaVbKgK=w408-h544-k-no,,,,"Hotel Los Potrillos es un alojamiento ubicado en Aguazul, Casanare, que ofrece hospedaje para viajeros de negocios y turismo en la región de los Llanos Orientales.",4.3,3
Hotel Orquidea,Hotele,5.1717141,-72.5512966,,Aguazul,https://lh3.googleusercontent.com/gps-proxy/ALd4DhGsaPvd5TE6_esxL21D2pZwBZnBbymY47Sn9vd02FOoH1NvJbBu_7Nbo71IpH5CflWDSm0-_EnLzgwSLiwdG6BVF2nTr75jxXu9rPqQvrVyTO4Wz3FHErV2NpUDjk3l1TKdAthNDBwnda4MRC5QQJAGmUTqyDr-1UAJqvkrCk3qezFi8_MDdB6M=w408-h300-k-no,,,,"Hotel Orquidea es un alojamiento ubicado en Aguazul, Casanare, que ofrece hospedaje para viajeros de negocios y turismo en la región de los Llanos Orientales.",4.2,2
Hotel Herblan,Hotele,5.1715974,-72.5495701,,Aguazul,https://lh3.googleusercontent.com/gps-cs-s/AHRPTWlXER3IiPzmapsR2QybT5HKc-3WHCRh54ORYlhlptLNVdNVvYTq0BrbeXBgNb9ces_R-VeXLzUlGO7oN3J8nLaeR9-rh_luXMKmn6lwplHVsjAZtyEAAAUV19ocwX70rjgC3NMZUAmsmBUj=w408-h544-k-no,,,,"Hotel Herblan es un alojamiento ubicado en Aguazul, Casanare, que ofrece hospedaje para viajeros de negocios y turismo en la región de los Llanos Orientales.",4.2,2
Hotel Versalles,Hotele,4.61458,-72.9324221,,Villanueva,https://lh3.googleusercontent.com/gps-cs-s/AHRPTWnY99ffb4AK0KsuYZ03QSq2BZfL5dzprxgGMWVVFKNcQHLCjr_77ElHGYLXuHlZRf4dxuEsyzUJX8p1A7DQ3r30wX5Z03hSf76MzZKaN4foCeX2H6YRWrx_7WQybW6D5UReunCe=w426-h240-k-no,,,,"Hotel Versalles es un alojamiento ubicado en Villanueva, Casanare, que ofrece hospedaje para viajeros de negocios y turismo en la región de los Llanos Orientales.",4.3,2
Hotel Marlus Plaza,Hotele,4.6110123,-72.9307401,,Villanueva,https://lh3.googleusercontent.com/gps-cs-s/AHRPTWk4_m8BI5bFXTL1ceGjqG14NzlGnqranncXg-HrOJTBUsjbgWOxyCYa63F-ZP5-v-7geQj-qA24hqTtBP0A2IxHiJn8aaVxfhnRPcr4haEtocyaZpnrs8nXpzJ179M0_vZ05US5Vw=w408-h627-k-no,,,,"Hotel Marlus Plaza es un alojamiento ubicado en Villanueva, Casanare, que ofrece hospedaje para viajeros de negocios y turismo en la región de los Llanos Orientales.",4.3,2
HOTEL REAL SANTA INES,Hotele,4.6099518,-72.9325089,,Villanueva,https://lh3.googleusercontent.com/gps-cs-s/AHRPTWk-lojAH-BIdzLRssW5yZxhCv1IHv0YfLZd7NkgF2hPkVeBz0wR5evXvN3BQ-9kWbg-GbyZDHE-J57KElnqzUXhbpoJQnCCdA4nAXuLc0qOG5mt9Nhu0tzATtp4JjvSzUhbLNY=w408-h612-k-no,,,,"HOTEL REAL SANTA INES es un alojamiento ubicado en Villanueva, Casanare, que ofrece hospedaje para viajeros de negocios y turismo en la región de los Llanos Orientales.",4.4,2
Glamping y cabañas El Maná,Hotele,4.6576365,-72.9399749,,Villanueva,https://lh3.googleusercontent.com/gps-cs-s/AHRPTWmWMQMRbn_-y9zde6h8nEJmaRH6RJWyBI6UDSlA22BVvCmJYNnmloHqZ0AJOhEnvpRB2MOr7xcMLISMRq-l_EfruY0d_AdDbbRitH-uDGDTSgXvhdRtihdHqT1S9osy7AlC82qMYA=w408-h306-k-no,,,,"Glamping y cabañas El Maná es un alojamiento ubicado en Villanueva, Casanare, que ofrece hospedaje para viajeros de negocios y turismo en la región de los Llanos Orientales.",4.6,2
Balcon De La Villa,Hotele,4.6112169,-72.9275218,,Villanueva,https://lh3.googleusercontent.com/gps-cs-s/AHRPTWlk4kCFYGfTsJJTAX_MwKwqchoqlXU_uRpgVH_2n8cCHmQU1vvVu7VUUmYsWVDNdkd56I3UOtw4CEuGVPJUZ_XlKEKdmNVU-qrNkgJfXfMcZgvDAkepdaMZDhxyA9DRDn61PlM7=w424-h240-k-no,,,,"Balcon De La Villa es un alojamiento ubicado en Villanueva, Casanare, que ofrece hospedaje para viajeros de negocios y turismo en la región de los Llanos Orientales.",4.4,2
Hotel Pacande del llano,Hotele,4.6081656,-72.9262828,,Villanueva,https://lh3.googleusercontent.com/gps-cs-s/AHRPTWnPM9w0GECr9wNZGxocqlNDYouQ-mHCOwwtaSayEVva7X1-xcKlVscLTYSaErhNwUV9zECfPGmpID99fzLEglaSYb4tN7n0IdDjqvdokQ1A9PV1CbFlJ4hhcH20KGv-PB1v8Zyt=w408-h306-k-no,,,,"Hotel Pacande del llano es un alojamiento ubicado en Villanueva, Casanare, que ofrece hospedaje para viajeros de negocios y turismo en la región de los Llanos Orientales.",4.8,2
Eco Hotel Tekuani,Hotele,4.6042592,-72.9222921,,Villanueva,https://lh3.googleusercontent.com/gps-cs-s/AHRPTWkdQFD6iIs5JNA_jbPEG90L5j9EmS75w_v0RZpg0UIuJU8iYm-GFsXzmfeqhxFnbUx6lXqg5Fhd8LhUeY1YYWjpjEfkrVi7MlnSBxuxUlbBxAF_4fAiqJ8SsLTpQ0M21Lzt9uQk_6cb6UWC=w408-h307-k-no,,,,"Eco Hotel Tekuani es un alojamiento ubicado en Villanueva, Casanare, que ofrece hospedaje para viajeros de negocios y turismo en la región de los Llanos Orientales.",4.9,2
Hotel Joshua Esteban,Hotele,4.6102113,-72.9299349,,Villanueva,https://lh3.googleusercontent.com/gps-cs-s/AHRPTWk8jVr1FeAjGD0eWsu8JuKGqwCteaiQBqhFqQOe-KqyXQ6A_s96rnpkZCF99yYODPMAkiob2Z5KNp5zRe54foMhJnhPUFk1PH6RCr22YIIRK-J89t287IujJitt4dnVePMtT1TI=w408-h723-k-no,,,,"Hotel Joshua Esteban es un alojamiento ubicado en Villanueva, Casanare, que ofrece hospedaje para viajeros de negocios y turismo en la región de los Llanos Orientales.",4.0,2
Hotel la Casona Tauramena,Hotele,5.0138508,-72.7476017,,Tauramena,https://lh3.googleusercontent.com/gps-cs-s/AHRPTWn5QRrZ7CsHruZ295TnL3ZW7GSWYYK5RYMq4HMMGgkhu5vTVgi5FzPV1890qRxH_7QmoKD-UsV6geRyW5aRdsbhxuoM0KNBS9ETBkbrhz2Vwbk6_6Pf47qesJOkd8blQmVqx01rnJU9Eixf=w408-h544-k-no,,,,"Hotel la Casona Tauramena es un alojamiento ubicado en Tauramena, Casanare, que ofrece hospedaje para viajeros de negocios y turismo en la región de los Llanos Orientales.",4.6,4
Hotel Cacique Mena,Hotele,5.0145221,-72.7525074,,Tauramena,https://lh3.googleusercontent.com/gps-cs-s/AHRPTWnuTfZXC8vQ1Rkwtbsg6NWjjEz8xLcJKyKGYKHk8y9kvlZRFF5-14l0W9QtXT1oEW6AfbCgf-d4YFfl057ozUd1M7wowKqiCw01H5Gpg6o3sGgV24MOVSW_qmULwoej57mvuMcDRpELjzIv=w408-h541-k-no,,,,"Hotel Cacique Mena es un alojamiento ubicado en Tauramena, Casanare, que ofrece hospedaje para viajeros de negocios y turismo en la región de los Llanos Orientales.",4.3,4
Hotel Paso Real,Hotele,5.0153998,-72.7517978,,Tauramena,https://lh3.googleusercontent.com/gps-cs-s/AHRPTWmIVUt2Kvt3arG4qrta7wsusYyAcJkGv9mmOmkZMGZW2JMcOPuGg-yY3ysL_9Rxn8UvVwPQIfgV2Z9P2VmrmDA09Z9JJw2_xoSViA_Xr8ggbZkNaWJnZmp_1FaIEoGYNggx9ds8=w408-h313-k-no,,,,"Hotel Paso Real es un alojamiento ubicado en Tauramena, Casanare, que ofrece hospedaje para viajeros de negocios y turismo en la región de los Llanos Orientales.",4.3,4
Hotel Palmarito Tauramena,Hotele,5.0174586,-72.7476495,,Tauramena,https://lh3.googleusercontent.com/gps-cs-s/AHRPTWlcbS1LrcWMdr0jWlohPKKsN2GfNhQTp-RCrHuWgs_Mp4Pf85qdvDM6BQh3KNMvbKLbPVR_PxN0LQP6ghvM1TPTeGWM4czKTq1pqrAVjDb8jundj593wC1kRG6gZGhJ6yIEgE_S=w426-h240-k-no,,,,"Hotel Palmarito Tauramena es un alojamiento ubicado en Tauramena, Casanare, que ofrece hospedaje para viajeros de negocios y turismo en la región de los Llanos Orientales.",4.6,4
Hotel Dayus,Hotele,5.0175116,-72.7526447,,Tauramena,https://lh3.googleusercontent.com/gps-cs-s/AHRPTWmS_qE6GEGkVpqgrQnK5KqQwfXWdk0yfGvuU6Phl83ZXkiQMfHPjBYMbiU0UcxXMa-Pppj1J7A3gTa_tbOYoqZIXvqPWTnnevZcZQBlIGMHMtpTemizjHStxIH0yKfIQCXqdA0P=w408-h500-k-no,,,,"Hotel Dayus es un alojamiento ubicado en Tauramena, Casanare, que ofrece hospedaje para viajeros de negocios y turismo en la región de los Llanos Orientales.",4.3,4
HOTEL CAMPESTRE VILLAS DE SANTA RITA,Hotele,5.025489,-72.7506485,,Tauramena,https://lh3.googleusercontent.com/gps-cs-s/AHRPTWnx989PmoRcHWxM4RNYDWlwW0pNOw3lZEMnMw_v9YV5d7jV6lvWh5qb1UDT47GgwhOwVJscbor3NuBh6-i-TZ-JlPB3_HvZf-_41wQ7GUrPqRs3uHCj6BE6iaxsXQrRrt7kS-M=w408-h306-k-no,,,,"HOTEL CAMPESTRE VILLAS DE SANTA RITA es un alojamiento ubicado en Tauramena, Casanare, que ofrece hospedaje para viajeros de negocios y turismo en la región de los Llanos Orientales.",4.5,4
REFUGIO ALVERA TAURAMENA - HOTEL Y HOSPEDAJE,Hotel,5.023646,-72.748483,,Tauramena,https://streetviewpixels-pa.googleapis.com/v1/thumbnail?panoid=im9w7s76OyT4NhkNoxB2Cw&cb_client=search.gws-prod.gps&w=408&h=240&yaw=163.0368&pitch=0&thumbfov=100,,,,"REFUGIO ALVERA TAURAMENA - HOTEL Y HOSPEDAJE es un alojamiento ubicado en Tauramena, Casanare, que ofrece hospedaje para viajeros de negocios y turismo en la región de los Llanos Orientales.",5.0,
Hotel Yaguazos,Hotele,5.0163948,-72.7511781,,Tauramena,https://lh3.googleusercontent.com/gps-proxy/ALd4DhG2hFMnMCfp8d56i3ljoR4OHBl-BKbNf063ZhBhHPMnvBYcpN0OcRNKoNf_8YGKrn8K1Jb8jmDECxD_xAjuPYmAXYNWIvQScCV4WUsSUkJc_2QgI78yTQMQzGMfNg3FN4WDseU58wKCwv20iNEfefA0d05Tcck9LC7fDnjbXScuG_r0GyFlO7s=w408-h380-k-no,,,,"Hotel Yaguazos es un alojamiento ubicado en Tauramena, Casanare, que ofrece hospedaje para viajeros de negocios y turismo en la región de los Llanos Orientales.",4.2,4
Hotel en Monterrey Casanare | Montserrat Plaza,Hotele,4.8846292,-72.8949618,,Monterrey,https://lh3.googleusercontent.com/gps-cs-s/AHRPTWn6RHdWHSKwVp03v4AYTBjV8_AkQ7JaEUFyxN5OhZPOdhxxWMskRK_sY2Pfxvg-yvPTpov2j58q0daIXDlnXLHO9_vjPK4opuwcYVwuTYdwWjW5nQkkOsZxEvF7wvn7xgdlDbWY=w408-h272-k-no,,,,"Hotel en Monterrey Casanare | Montserrat Plaza es un alojamiento ubicado en Monterrey, Casanare, que ofrece hospedaje para viajeros de negocios y turismo en la región de los Llanos Orientales.",4.5,2
Hotel San Pedro,Hotele,4.879833,-72.8928387,,Monterrey,https://lh3.googleusercontent.com/gps-cs-s/AHRPTWl5V1-8oGMgvNrC0IpXfar_5SK4a2STHHeqj0A7x8GdogMBSUKXR4XGYBQOjVe4lL-lxFE9cQ1Lmcc0lQydbsioOvlWzekD3KLD5HKqjC9nhZ31oP5NBvU3nrDmMtjElDaFf3YuW4KnBmc=w408-h306-k-no,,,,"Hotel San Pedro es un alojamiento ubicado en Monterrey, Casanare, que ofrece hospedaje para viajeros de negocios y turismo en la región de los Llanos Orientales.",4.4,2
Hotel: Casa turistica Portones del mirador,Hotele,4.8765402,-72.9003901,,Monterrey,https://lh3.googleusercontent.com/gps-cs-s/AHRPTWnZMnBtAq7OCYCflcA2s15DLWQ5x8sTUtcjOONRR29Z8jov6GPIxLGSRju4gQUdL79uq2u9xxlzWzZwQI8d_RUpzWqcPXil8QuMWEArW3sJ-uuY2jDNY-9Evk1C86KYCDjOMh4S9I2LZU3c=w408-h306-k-no,,,,"Hotel: Casa turistica Portones del mirador es un alojamiento ubicado en Monterrey, Casanare, que ofrece hospedaje para viajeros de negocios y turismo en la región de los Llanos Orientales.",4.8,2
Hotel Posada Campestre San Juan,Hotele,4.8788343,-72.8942793,,Monterrey,https://lh3.googleusercontent.com/gps-cs-s/AHRPTWmk3C0lTp6_xtq0ACz8Ha5_QJfh315S3X3-6xbM1XdtO64XDtJ_eLPJG06FuPr_nNVbaR0X3XLimHQiLSgWell3JpXdNuOQfvEH6BU1c7GaVpKlN8ihur0TUr3lnpYN2QP5FZP80BNaHjyy=w533-h240-k-no,,,,"Hotel Posada Campestre San Juan es un alojamiento ubicado en Monterrey, Casanare, que ofrece hospedaje para viajeros de negocios y turismo en la región de los Llanos Orientales.",4.5,2
Las Heliconias Centro Agroturistico,Hotele,4.8485949,-72.8917856,,Monterrey,https://lh3.googleusercontent.com/gps-cs-s/AHRPTWl1tCFbyxfjFEvz-KtGPOZMJaXHX57PltabOKmJ-3R1eO8lxxrloo2xlJzigFMbhTiF2LJCBRslvlTuumhwQpIm6E97mCTQCkbuPrNisdHYagxZW9vBMXdMZxRtBEOJUaD7dII88_8K9R0=w408-h544-k-no,,,,"Las Heliconias Centro Agroturistico es un alojamiento ubicado en Monterrey, Casanare, que ofrece hospedaje para viajeros de negocios y turismo en la región de los Llanos Orientales.",4.5,2
"Hotel Los Lagos Centro Vacacional; Hotel en Monterrey Casanare,",Hotele,4.8689408,-72.8890309,,Monterrey,https://lh3.googleusercontent.com/gps-cs-s/AHRPTWk8P1PaBG6xZ0yvqOO97uBqYO82tI6ycRKHdzKcu68IMyP1ITGQ6uAk9wsiVMrYrltr4-nFHmgQI4ZEivt0I066r1wETe8D50k8exu4_uVqzRSNj5I_yrwP5BPwLEtzOmya3AdG=w408-h245-k-no,,,,"Hotel Los Lagos Centro Vacacional; Hotel en Monterrey Casanare, es un alojamiento ubicado en Monterrey, Casanare, que ofrece hospedaje para viajeros de negocios y turismo en la región de los Llanos Orientales.",4.4,2
Hotel Aguamaco,Hotele,4.8864992,-72.8972398,,Monterrey,https://lh3.googleusercontent.com/gps-cs-s/AHRPTWl--xRSlYpOBGimdy2gQ605gQVdt8H092qzkDPHwblvUTQMlCel7ePhFrZJOoCi2Jk8SGbDbSaoTckVRLAFFnaRFTQvhPZ9I4YuqBsmrg9la40KXHX-_nBRnOTA86yYE77PncGM=w426-h240-k-no,,,,"Hotel Aguamaco es un alojamiento ubicado en Monterrey, Casanare, que ofrece hospedaje para viajeros de negocios y turismo en la región de los Llanos Orientales.",4.3,2
Hotel Sol De Oro,Hotele,4.883343,-72.894259,,Monterrey,https://lh3.googleusercontent.com/gps-cs-s/AHRPTWnCV6U0XeyoTTuz_dPKhbtZNKx1BBp-vI7Ash5rBTTp_aXfU_mI-iB17MgUBBiHsw20oEnQ1EUvzKpq3T5CawiSFKtuNpI2pNI_5iTB6R5oNZ0gfKzhOdAm6Y0wV6vaynbE_j2y=w408-h544-k-no,,,,"Hotel Sol De Oro es un alojamiento ubicado en Monterrey, Casanare, que ofrece hospedaje para viajeros de negocios y turismo en la región de los Llanos Orientales.",4.0,2
Leyenda Hotel,Hotele,5.878063,-71.8951852,,Paz de Ariporo,https://lh3.googleusercontent.com/gps-cs-s/AHRPTWmQc-NpO9KjNXAcJXL-K8O8qKY7gYM1cjYJ8rMbAiDB1zBgg5NrvkQJqQb3Ud8yOKEj-31u-SyK6TK2wYXwHlBlETvWZgXaOd-GSxCGXWam4KxIVRSw4iO_LtgrAi0RP306JNvJ=w408-h306-k-no,,,,"Leyenda Hotel es un alojamiento ubicado en Paz de Ariporo, Casanare, que ofrece hospedaje para viajeros de negocios y turismo en la región de los Llanos Orientales.",4.5,2
Hotel Colonial Sol Y Luna,Hotele,5.8796451,-71.8968353,,Paz de Ariporo,https://lh3.googleusercontent.com/gps-cs-s/AHRPTWlrWyF_aqoXF4bRpu-C3Erwb-5K2lKmKqrIlX-ldMx0pD4-hagbnhuwbzVZ7sJnpLCut82mtkQ7tgle8qy0pdEc-7LOQHkztSU1aC7lXZ365vfBWI-JUWnjTRQXV86GxvGMg07E=w533-h240-k-no,,,,"Hotel Colonial Sol Y Luna es un alojamiento ubicado en Paz de Ariporo, Casanare, que ofrece hospedaje para viajeros de negocios y turismo en la región de los Llanos Orientales.",4.4,2
Hotel Danner,Hotele,5.8829123,-71.8935045,,Paz de Ariporo,https://lh3.googleusercontent.com/gps-cs-s/AHRPTWm0vWHLb-AygRX0pnlCeKFOKmkJonAVc4TP8oOlvH7ECeOmujqSnXR1hTJFkMPikDaNfmnyKJa34ToXpp4lKhuLfQf0sEPYFhKcjRiS-FuLMP_P3nokGOuq_Yh5u0LiVzlWTmk8uQ=w408-h408-k-no,,,,"Hotel Danner es un alojamiento ubicado en Paz de Ariporo, Casanare, que ofrece hospedaje para viajeros de negocios y turismo en la región de los Llanos Orientales.",4.3,
Hotel Mirador Del Llano,Hotele,5.8806508,-71.9002819,,Paz de Ariporo,https://lh3.googleusercontent.com/gps-cs-s/AHRPTWm4gRjTEk9T4XrR5FFGAZMW9_R6V2dzJf9y2M1gkzmKEWdVXOw4vpZ4pD6-vU7_MSFD8IOSMKr_oa8JhkLoSTSlwcWlwEczSAftU7i0KamhWrRV-lBUJZjBgWgeEHPEv2EDaK3K=w408-h544-k-no,,,,"Hotel Mirador Del Llano es un alojamiento ubicado en Paz de Ariporo, Casanare, que ofrece hospedaje para viajeros de negocios y turismo en la región de los Llanos Orientales.",4.3,
Hotel El Tesoro Del Llano,Hotele,5.8775087,-71.8938189,,Paz de Ariporo,https://lh3.googleusercontent.com/gps-cs-s/AHRPTWltOV0knq8Zn1PC_VnygHWGYjtqvoCPtBOe1IYjJ25hkrMuzKOZRhE1y9nf0Yt2dvUO5wLlS_kykMw8hj6XBSpBNbqcid5xZc8C0qEH6F9XW4_klcrzMZvxFv9rbNcDuYK8QDnrWw=w408-h272-k-no,,,,"Hotel El Tesoro Del Llano es un alojamiento ubicado en Paz de Ariporo, Casanare, que ofrece hospedaje para viajeros de negocios y turismo en la región de los Llanos Orientales.",4.4,
Hotel Moreno Viejo,Hotele,5.8800367,-71.8954385,,Paz de Ariporo,https://lh3.googleusercontent.com/gps-cs-s/AHRPTWl1T2aM_mjAued-4Y-x5XVlBZTVTQQlX-ZBuiXmMiV4uMf9ScqPL4WnsMCrSaz2nq4EK2ZXrIAExMQjjf57wJXI3AflIRrVt3imnKdAKck1Qh0zebc5fx_ke7Zk5GVtTEl_oFFy=w408-h725-k-no,,,,"Hotel Moreno Viejo es un alojamiento ubicado en Paz de Ariporo, Casanare, que ofrece hospedaje para viajeros de negocios y turismo en la región de los Llanos Orientales.",4.3,
Hotel Samantha,Hotele,5.8792689,-71.8965104,,Paz de Ariporo,https://lh3.googleusercontent.com/gps-cs-s/AHRPTWkYcT48kxqGzltnFnUGiJYkcxYmPfkyrPh5P54hWt5R02cuTz0vceV_A0SaPqk5nsLjUFjvamwsRBhDyLikpucig2kBMNeD5bWa4oMVLNp3z4s3jm-N0MWm0-Gl1RQqq-rEKNlH=w408-h724-k-no,,,,"Hotel Samantha es un alojamiento ubicado en Paz de Ariporo, Casanare, que ofrece hospedaje para viajeros de negocios y turismo en la región de los Llanos Orientales.",4.2,
Hotel Empresarial Arcoiris De Mi Llano,Hotele,5.8775306,-71.8883664,,Paz de Ariporo,https://lh3.googleusercontent.com/gps-cs-s/AHRPTWmxeQ65bd2a_Y5bcdZj92Xqb44R4vBL9YjcjMKreJa9p1OjTdQdLBrAklEFC4W7-nVtDhVUkZaDm9lN-ayZZuL55o4GTUcBeCiRYZpi7vTWl_ZBD4_TElkkb31FgjsEhk4jdPKomg=w408-h306-k-no,,,,"Hotel Empresarial Arcoiris De Mi Llano es un alojamiento ubicado en Paz de Ariporo, Casanare, que ofrece hospedaje para viajeros de negocios y turismo en la región de los Llanos Orientales.",4.5,2
Hotel Mansión Romano Trinidad,Hotele,5.4072027,-71.6625544,,Trinidad,https://lh3.googleusercontent.com/gps-cs-s/AHRPTWkHSaWCRvGX0fiB0GfMiK1wC9yWNH2wNTUhs3SEOFFDXvua1CNW5IhyE23T0UyXLTLpgwXH0FDeXmzdoFNRiERY5H3mSk5tALj0L9680w4oGREZpsAeq-6Pg9nowl63EFlCSOLB=w408-h332-k-no,,,,"Hotel Mansión Romano Trinidad es un alojamiento ubicado en Trinidad, Casanare, que ofrece hospedaje para viajeros de negocios y turismo en la región de los Llanos Orientales.",4.4,2
HOTEL JESALEY,Hotele,5.4073342,-71.6640498,,Trinidad,https://lh3.googleusercontent.com/gps-cs-s/AHRPTWlmt6gt4sjOL-YW6SAtwn-yJpGB_MZXOWxxbWysf7VSPTmC_61BZvz5Ek6CQloBO76mzZqdw7TaIwi6u6jMuKYbc74SzBvaWq9YHYFgu_BPyXzVBGLQiyAHLaUCCFhPKAXpbBMBBQ=w426-h240-k-no,,,,"HOTEL JESALEY es un alojamiento ubicado en Trinidad, Casanare, que ofrece hospedaje para viajeros de negocios y turismo en la región de los Llanos Orientales.",4.3,
Hotel Porvenir,Hotele,5.406416,-71.6639387,,Trinidad,https://lh3.googleusercontent.com/gps-cs-s/AHRPTWmQBtfxC-1cy9HbYDb38R5zZA9-hE-UI2sPCYGHJPu-mJ7txsyoC2vrSXa4WvVQS7ctocwJF__g7dT0bcM0jjLb2m-K1GMVtllCJgJAKFzQfzi4cP1B1m-9UUHYvOYTffnS7O8z=w426-h240-k-no,,,,"Hotel Porvenir es un alojamiento ubicado en Trinidad, Casanare, que ofrece hospedaje para viajeros de negocios y turismo en la región de los Llanos Orientales.",4.4,
Hotel Paraíso Tropical,Hotele,5.4158463,-71.6623953,,Trinidad,https://lh3.googleusercontent.com/gps-cs-s/AHRPTWlIE8QsvYk4xWfkF4v3RsvBIW9iRBj6rWGdu2K963kQnGdmedjHr4G1yUPn8TD2_L6ZTRH2PrmTinEYK5SmtY9bLsSqx3jhRZrk3NnP8YtTMSCcz1Ug59UIvpiqgzAEykXHpw_H=w408-h271-k-no,,,,"Hotel Paraíso Tropical es un alojamiento ubicado en Trinidad, Casanare, que ofrece hospedaje para viajeros de negocios y turismo en la región de los Llanos Orientales.",4.1,
Hotel UNO A,Hotele,5.4103846,-71.6629425,,Trinidad,https://lh3.googleusercontent.com/gps-cs-s/AHRPTWmYvh-YwmBKuHFj1xrXveYZG-ppoGYcYpxPFutoD_l8T7RnJnfZ59Dd9cbHfH73z5AwpJnsGtJHLu0Af1_Over3jPNP1_EcsRgwZ_JRM9OWUI0yNauC6ZXHqJHlpcskIdJ5z-k=w408-h544-k-no,,,,"Hotel UNO A es un alojamiento ubicado en Trinidad, Casanare, que ofrece hospedaje para viajeros de negocios y turismo en la región de los Llanos Orientales.",4.5,
Posada Hato El Diamante,Hotele,5.4170802,-71.6988675,,Trinidad,https://lh3.googleusercontent.com/gps-cs-s/AHRPTWmEurdrXTTceMc0CITrNNJq6u_iAVRUEBgmAf6FgdLmqU2kI15iag6R_Ob0XaoYEBRYeLjoZhmVFuB1KGlPBLJ2vCAgn4ilyDr3Twn5WjlAou7Yn8CiJTEPSifRiDS1F2IgA1VV9Q=w408-h306-k-no,,,,"Posada Hato El Diamante es un alojamiento ubicado en Trinidad, Casanare, que ofrece hospedaje para viajeros de negocios y turismo en la región de los Llanos Orientales.",4.9,2
Reserva Natural El Encanto de Guanapalo,Hotele,5.2818255,-71.7455697,,Trinidad,https://lh3.googleusercontent.com/gps-cs-s/AHRPTWk2BZK_DVxvHDpV3ec_eOx43wqm44oZS_aSDeBn5-mTojU91lonWMQ0RUhkkQrnlZjoy1z2ukd91k0OuArbFyqaKUY8P3FjAQWhuIwKEXFYUw06KR7ES_XCLeHieFb0uumT56M=w408-h272-k-no,,,,"Reserva Natural El Encanto de Guanapalo es un alojamiento ubicado en Trinidad, Casanare, que ofrece hospedaje para viajeros de negocios y turismo en la región de los Llanos Orientales.",4.7,2
Finca agroturistica rosita,Hotele,5.3221577,-71.5326189,,Trinidad,https://lh3.googleusercontent.com/gps-cs-s/AHRPTWnvJ119fW8eqd8JhDjAELmmXNkR_TJAWJCI-f6MWR8yZO0sOHlPCeVLwQN6f2KjCnifxpgnrhFEpxxs2ho6u17dHaNWAFRV0qzRKMOmHaON7xh6uGtDnNdk7uoSaUTTpa7gMC_emw=w408-h544-k-no,,,,"Finca agroturistica rosita es un alojamiento ubicado en Trinidad, Casanare, que ofrece hospedaje para viajeros de negocios y turismo en la región de los Llanos Orientales.",5.0,
Hotel Camoruco,Hotele,5.349475,-72.398969,,Orocué,https://lh3.googleusercontent.com/gps-cs-s/AHRPTWmdMvAEp2sYzkGeZBj23ZieZASDzbvrTrZnN6lw4EjZ47VfXdkZ2O9eqny4hgwbzxcX3NgDiVsCXSFyJNlzAmOjp71crXt5UkZGRBawEj_2XfeAvB_Dm1FWMB7ikjFKzd_CeO1m=w408-h272-k-no,,,,"Hotel Camoruco es un alojamiento ubicado en Orocué, Casanare, que ofrece hospedaje para viajeros de negocios y turismo en la región de los Llanos Orientales.",4.5,3
Hampton by Hilton Yopal,Hotele,5.3348141,-72.38355,,Orocué,https://lh3.googleusercontent.com/gps-cs-s/AHRPTWnJ2OvwwP9_ReL2Y6GcZXGRZ4mqgLdgnUO1isq4-rdSv5dQWf3sZ32n_0YZsKmXUggy7_98MIc09RvG0ZyYe9cjUJwyuFenWmgu3pt5rfrVz8nyn4DqoxJ8i1JHNrzw0u6QSSB4WW_e5ump=w408-h408-k-no,,,,"Hampton by Hilton Yopal es un alojamiento ubicado en Orocué, Casanare, que ofrece hospedaje para viajeros de negocios y turismo en la región de los Llanos Orientales.",4.7,3
Savanna Orinoquia Lodge,Hotele,4.8442154,-71.6979211,,Orocué,https://lh3.googleusercontent.com/gps-cs-s/AHRPTWlhtTFXa80Oyaldv_ah6Wk0V87sGHU3I4rF0w1DvJClxebGANUBHgMK10zpMjGuhUHsWUrdS6bo7wtZTssQtiWXc2avRGqxCwoODlud8DieUEbPW8v3UrX1_PvnsfRWAV2Xsse8K-3C2e8F=w408-h544-k-no,,,,"Savanna Orinoquia Lodge es un alojamiento ubicado en Orocué, Casanare, que ofrece hospedaje para viajeros de negocios y turismo en la región de los Llanos Orientales.",4.8,
Hato San Pablo,Hotele,4.7862044,-71.634922,,Orocué,https://lh3.googleusercontent.com/gps-cs-s/AHRPTWm2wA6TFzG_sfbH-RM6IKeaIvUH1BpLSyCAjPoVxdugU7FaIGISeB4GWRDOcqv3ycxVgZmmdbI85YfrZGlyvlnVtemE60jey1-eJekeZxia9diJVwVH4pwI3ZMaqORQhgx7tg8=w408-h258-k-no,,,,"Hato San Pablo es un alojamiento ubicado en Orocué, Casanare, que ofrece hospedaje para viajeros de negocios y turismo en la región de los Llanos Orientales.",4.9,
EL TURPIAL reserva turística,Hotele,5.0415075,-71.2396507,,Orocué,https://lh3.googleusercontent.com/gps-cs-s/AHRPTWnDUSQkdTaXe_ANhXW-3vs7g2CUz_WIAG5rvs98gdGUdmKFJBEYgF2wRo9x8t-ZYL6sLrLS2xMRhWI9m4xY1AqQV0PBo48Y87tatcM50amSzTrkxSYVftPQnsRY3VdAi8pf146Gv6ZKEH0=w408-h284-k-no,,,,"EL TURPIAL reserva turística es un alojamiento ubicado en Orocué, Casanare, que ofrece hospedaje para viajeros de negocios y turismo en la región de los Llanos Orientales.",4.7,
Villa Alejandra - Hotel Campestre,Hotele,4.7807978,-71.3612189,,Orocué,https://lh3.googleusercontent.com/gps-cs-s/AHRPTWmAHXM6-SWHzR3Pn0uQR1XkD98TRZx2-auROOAgszU_kB86VaTta5FqSW9S2SZBp0pyuDQIor9aMcQUdBwGev_rO7-6uoC7qycoNWhhUPb-U9W7shKdfeP2mQ0r8GOq2AXzep0E=w426-h240-k-no,,,,"Villa Alejandra - Hotel Campestre es un alojamiento ubicado en Orocué, Casanare, que ofrece hospedaje para viajeros de negocios y turismo en la región de los Llanos Orientales.",4.2,
Hotel Brisas de San Miguel,Hotele,4.791031,-71.335996,,Orocué,https://lh3.googleusercontent.com/gps-cs-s/AHRPTWk4J1_hGhlcVimtoDNuNpjnWQoDO2dvhZqbTE6O7jEY_LI8bVRXcJJs_5ApboadPOzJccwz3V5QKCTBECA0_t_IEJozGr-Z6Wsu138BCvSAJqZDh9Rr7K0RNwSgCPrTwRXNT2uf9A=w532-h240-k-no,,,,"Hotel Brisas de San Miguel es un alojamiento ubicado en Orocué, Casanare, que ofrece hospedaje para viajeros de negocios y turismo en la región de los Llanos Orientales.",4.2,
qwerty123,Hotele,4.7896569,-71.3390516,,Orocué,https://lh3.googleusercontent.com/gps-proxy/ALd4DhEF5WdC1xIJ35ECSF8jEDnA-76H1q1zWRBmi80w08HTeKctlTLFn-wRX48V_6R2dFfeytxbAZGEZBBqb9kLtGcSmwwhmYEMRZfOKIeD3Nf1q4HAvlrGpJPF1VNSKJzetVG_YdRbJtPgIjFmGMQrompYdp1yHgAnKoQaVNqw0e3H3qaFTFzDdhPu=w408-h272-k-no,,,,"qwerty123 es un alojamiento ubicado en Orocué, Casanare, que ofrece hospedaje para viajeros de negocios y turismo en la región de los Llanos Orientales.",3.0,
Posada Hato El Diamante,Hotele,5.4170802,-71.6988675,,San Luis de Palenque,https://lh3.googleusercontent.com/gps-cs-s/AHRPTWmEurdrXTTceMc0CITrNNJq6u_iAVRUEBgmAf6FgdLmqU2kI15iag6R_Ob0XaoYEBRYeLjoZhmVFuB1KGlPBLJ2vCAgn4ilyDr3Twn5WjlAou7Yn8CiJTEPSifRiDS1F2IgA1VV9Q=w408-h306-k-no,,,,"Posada Hato El Diamante es un alojamiento ubicado en San Luis de Palenque, Casanare, que ofrece hospedaje para viajeros de negocios y turismo en la región de los Llanos Orientales.",4.9,2
Hotel Mansión Romano Trinidad,Hotele,5.4072027,-71.6625544,,San Luis de Palenque,https://lh3.googleusercontent.com/gps-cs-s/AHRPTWkHSaWCRvGX0fiB0GfMiK1wC9yWNH2wNTUhs3SEOFFDXvua1CNW5IhyE23T0UyXLTLpgwXH0FDeXmzdoFNRiERY5H3mSk5tALj0L9680w4oGREZpsAeq-6Pg9nowl63EFlCSOLB=w408-h332-k-no,,,,"Hotel Mansión Romano Trinidad es un alojamiento ubicado en San Luis de Palenque, Casanare, que ofrece hospedaje para viajeros de negocios y turismo en la región de los Llanos Orientales.",4.4,2
HOTEL JESALEY,Hotele,5.4073342,-71.6640498,,San Luis de Palenque,https://lh3.googleusercontent.com/gps-cs-s/AHRPTWlmt6gt4sjOL-YW6SAtwn-yJpGB_MZXOWxxbWysf7VSPTmC_61BZvz5Ek6CQloBO76mzZqdw7TaIwi6u6jMuKYbc74SzBvaWq9YHYFgu_BPyXzVBGLQiyAHLaUCCFhPKAXpbBMBBQ=w426-h240-k-no,,,,"HOTEL JESALEY es un alojamiento ubicado en San Luis de Palenque, Casanare, que ofrece hospedaje para viajeros de negocios y turismo en la región de los Llanos Orientales.",4.3,
Hotel Paraíso Tropical,Hotele,5.4158463,-71.6623953,,San Luis de Palenque,https://lh3.googleusercontent.com/gps-cs-s/AHRPTWlIE8QsvYk4xWfkF4v3RsvBIW9iRBj6rWGdu2K963kQnGdmedjHr4G1yUPn8TD2_L6ZTRH2PrmTinEYK5SmtY9bLsSqx3jhRZrk3NnP8YtTMSCcz1Ug59UIvpiqgzAEykXHpw_H=w408-h271-k-no,,,,"Hotel Paraíso Tropical es un alojamiento ubicado en San Luis de Palenque, Casanare, que ofrece hospedaje para viajeros de negocios y turismo en la región de los Llanos Orientales.",4.1,
Hotel Porvenir,Hotele,5.406416,-71.6639387,,San Luis de Palenque,https://lh3.googleusercontent.com/gps-cs-s/AHRPTWmQBtfxC-1cy9HbYDb38R5zZA9-hE-UI2sPCYGHJPu-mJ7txsyoC2vrSXa4WvVQS7ctocwJF__g7dT0bcM0jjLb2m-K1GMVtllCJgJAKFzQfzi4cP1B1m-9UUHYvOYTffnS7O8z=w426-h240-k-no,,,,"Hotel Porvenir es un alojamiento ubicado en San Luis de Palenque, Casanare, que ofrece hospedaje para viajeros de negocios y turismo en la región de los Llanos Orientales.",4.4,
Hotel UNO A,Hotele,5.4103846,-71.6629425,,San Luis de Palenque,https://lh3.googleusercontent.com/gps-cs-s/AHRPTWmYvh-YwmBKuHFj1xrXveYZG-ppoGYcYpxPFutoD_l8T7RnJnfZ59Dd9cbHfH73z5AwpJnsGtJHLu0Af1_Over3jPNP1_EcsRgwZ_JRM9OWUI0yNauC6ZXHqJHlpcskIdJ5z-k=w408-h544-k-no,,,,"Hotel UNO A es un alojamiento ubicado en San Luis de Palenque, Casanare, que ofrece hospedaje para viajeros de negocios y turismo en la región de los Llanos Orientales.",4.5,
Reserva Natural El Encanto de Guanapalo,Hotele,5.2818255,-71.7455697,,San Luis de Palenque,https://lh3.googleusercontent.com/gps-cs-s/AHRPTWk2BZK_DVxvHDpV3ec_eOx43wqm44oZS_aSDeBn5-mTojU91lonWMQ0RUhkkQrnlZjoy1z2ukd91k0OuArbFyqaKUY8P3FjAQWhuIwKEXFYUw06KR7ES_XCLeHieFb0uumT56M=w408-h272-k-no,,,,"Reserva Natural El Encanto de Guanapalo es un alojamiento ubicado en San Luis de Palenque, Casanare, que ofrece hospedaje para viajeros de negocios y turismo en la región de los Llanos Orientales.",4.7,2
HOTEL PORE REAL,Hotele,5.7320379,-71.9919679,,Pore,https://lh3.googleusercontent.com/gps-cs-s/AHRPTWmVJUgxCRV4_qEBAquj294QEomx5Fti5CktKgH1cj54z74mpI4-EpapirGxe6Twlqr5dovVzqRn2iFWv-keG7HX7o8ndDBOI0w4Mw835-iOnxuOt45--qPVMu8xLppQhIKHLLpf=w408-h306-k-no,,,,"HOTEL PORE REAL es un alojamiento ubicado en Pore, Casanare, que ofrece hospedaje para viajeros de negocios y turismo en la región de los Llanos Orientales.",4.0,
hotel caminante del llano,Hotele,5.7290466,-71.9990929,,Pore,https://lh3.googleusercontent.com/gps-cs-s/AHRPTWlTmOtgc5pZxs_T14crwDGgJCuNVeVTGsFJpVFdLSATibAc4wEEwxkyaNoSQJfdBO4Fe6sc2698M_SdThKPQBIhejJbzjTwrLAvesB4pif67Nku1io5EErA8TMp5lJHrWBm2Rjisg=w533-h240-k-no,,,,"hotel caminante del llano es un alojamiento ubicado en Pore, Casanare, que ofrece hospedaje para viajeros de negocios y turismo en la región de los Llanos Orientales.",4.2,
Hotel Ecoturistico Llanomoringa de Colombia,Hotele,5.8697272,-71.902209,,Pore,,,,,"Hotel Ecoturistico Llanomoringa de Colombia es un alojamiento ubicado en Pore, Casanare, que ofrece hospedaje para viajeros de negocios y turismo en la región de los Llanos Orientales.",4.3,
HOTEL Exbint Resort,Hotele,5.8552732,-71.9139404,,Pore,https://lh3.googleusercontent.com/gps-cs-s/AHRPTWl2_hoI6_RKf1XQ1VjDB-BntGE8LPALy9qF4S094txu5ViCY4TEcbYzB_cutrH4_549ZEEA7rs5K7kxMpHeyokoQQJ66AXT0sgNyj4S5Z1jT5AcTsgnwXDYSFQrKolU8-HSsrR-yMzYt0OQ=w408-h278-k-no,,,,"HOTEL Exbint Resort es un alojamiento ubicado en Pore, Casanare, que ofrece hospedaje para viajeros de negocios y turismo en la región de los Llanos Orientales.",2.9,
Hotel CHS,Hotel,5.7231832,-71.9890961,,Nunchía,https://lh3.googleusercontent.com/gps-cs-s/AHRPTWma4TKV6clJEUlxd2E1rm0snEB72FnwUTdJOAShtJ2Yy4h7cw6-f62UHY-xRM54aAayahDWajXUdh4oH5nnMpKf1ew8qufy_lDjCOb_aSlVHlqcZptFpzps6q-tJwbGfAR7fzF3OLoNUC4=w408-h544-k-no,,,,"Hotel CHS es un alojamiento ubicado en Nunchía, Casanare, que ofrece hospedaje para viajeros de negocios y turismo en la región de los Llanos Orientales.",5.0,
Hotel La Alborada,Hotel,5.6375881,-72.193826,,Nunchía,https://lh3.googleusercontent.com/gps-cs-s/AHRPTWkP4uR44NiQuRYa4mruQ6rxcy1soNsaAfOcKcuq5jrLuXgzKYyz0nCAVDH6BVvxLUA-ZFcyTv8L53b7asP8FQUNs24zbLddhCL7b4CcUVXe_5atzHh0F9dX9KxbL7WXuNq8bNMgrA=w426-h240-k-no,,,,"Hotel La Alborada es un alojamiento ubicado en Nunchía, Casanare, que ofrece hospedaje para viajeros de negocios y turismo en la región de los Llanos Orientales.",4.2,
Hotel el Encanto del Llano,Hotel,5.638097,-72.195527,,Nunchía,https://lh3.googleusercontent.com/gps-cs-s/AHRPTWn_4VF61hRL_hDyZVIunnrUG3mEMcYnh2jgrj314IrHGDcHQ9ponAnOW_e306UfMoTrvYPnayDAV4hrUTwg4rd88mYYpJf__iJUPoLo07oUrRHOonnTn7O2DT-xDmAgnLHdlwuua9t9CAW-=w408-h544-k-no,,,,"Hotel el Encanto del Llano es un alojamiento ubicado en Nunchía, Casanare, que ofrece hospedaje para viajeros de negocios y turismo en la región de los Llanos Orientales.",5.0,
Los Búhos Hotel Campestre en Casanare | Grupos y Celebraciones,Hotele,5.4645072,-72.190221,,Nunchía,https://lh3.googleusercontent.com/gps-cs-s/AHRPTWne8YwtmzZGYFmVqQqG8ukqDsvPQIHYMJR5cUHNse-h34Nn62xP6yE4sf6hVbpwA9oU4zwqXoij81u70gjia0Q39_TPj3aTc26iUHxkqarSn0nyUyhnjTQmTqAnmbbn_cJeivuhBTpxfZWC=w426-h240-k-no,,,,"Los Búhos Hotel Campestre en Casanare | Grupos y Celebraciones es un alojamiento ubicado en Nunchía, Casanare, que ofrece hospedaje para viajeros de negocios y turismo en la región de los Llanos Orientales.",4.9,
Hotel Aguazul Plaza,Hotele,5.1704521,-72.5516863,,Maní,https://lh3.googleusercontent.com/gps-cs-s/AHRPTWlVv_OBTE3elDfmdlw6dzTUwJ03CrXJU-R-3fLXpoj0GXEwdf9hANAthAAkw6Gd0jOnL1Kt8C6kKkoPRdG4DuK37vkYjq5yritTYd-eII084ZMVDp99eYwiDjyWLlhUp_ci_EK5VQ=w408-h408-k-no,,,,"Hotel Aguazul Plaza es un alojamiento ubicado en Maní, Casanare, que ofrece hospedaje para viajeros de negocios y turismo en la región de los Llanos Orientales.",4.6,2
Hotel Payara,Hotele,4.316877,-72.084922,,Maní,https://lh3.googleusercontent.com/gps-cs-s/AHRPTWmzo0VC8wDAiS3akGKHwt56tvOk0wDUcJznmjhBapUFw5ggyq-JE670PolNBDn27JF55AqsA6M9AX7HZ78H5Ze35zPkj14Wys8k0PV509Ivk0wD5EqOerBTZa1aPheKpJjCcDD3=w533-h240-k-no,,,,"Hotel Payara es un alojamiento ubicado en Maní, Casanare, que ofrece hospedaje para viajeros de negocios y turismo en la región de los Llanos Orientales.",4.8,
Hotel Sully Resort,Hotele,4.8155372,-72.2802684,,Maní,https://lh3.googleusercontent.com/gps-cs-s/AHRPTWkkhMbEiz7KJWz6UbO2t4dcS-RULRPLI6pByD3TDLyMPeEjctk6lStwQlJWKzK3-Y3JS2wkoSYg8Gi1KmR0soYPV5b0pZv0LBVM7P0WepgbPx8udDRG61hgukBUf6r0DS6Pzim1=w408-h271-k-no,,,,"Hotel Sully Resort es un alojamiento ubicado en Maní, Casanare, que ofrece hospedaje para viajeros de negocios y turismo en la región de los Llanos Orientales.",4.2,2
Hotel maniru,Hotele,4.8105665,-72.2812297,,Maní,https://lh3.googleusercontent.com/gps-cs-s/AHRPTWkY-je4uXk54OWwMkxJ_gNI5sAolV1r5eugsp9g10DVkUVa53VdrQFBKEqz5x2mrsxhp4i5Wete8qdXMQf5D7WIkFVZUKsH6hMj1IS_vCwvuPmPwXK0wM1eN4GkJd-UikH3YiAI=w426-h240-k-no,,,,"Hotel maniru es un alojamiento ubicado en Maní, Casanare, que ofrece hospedaje para viajeros de negocios y turismo en la región de los Llanos Orientales.",4.4,2
"Restaurante, café, Hotel Anamela",Hotele,4.822038,-72.287998,,Maní,https://lh3.googleusercontent.com/gps-cs-s/AHRPTWnOdFoqKg-mIq7z0sbDQmQkGJX5-puOIFnzRBlQTdyEO-G_OLoL8nDRU9EiWqOFToKFXaEg_Rm8n1HnoruYXv4iGgkPBs64TcMjectmTGAc_bJwOTkij47PbIU0b6L0P28x1n0=w408-h272-k-no,,,,"Restaurante, café, Hotel Anamela es un alojamiento ubicado en Maní, Casanare, que ofrece hospedaje para viajeros de negocios y turismo en la región de los Llanos Orientales.",4.5,2
Hotel Anamela,Hotele,4.822075,-72.286956,,Maní,https://lh3.googleusercontent.com/gps-proxy/ALd4DhGPOUpySld-hTx7i7qShu0-7tV4uHCwxhzGd-oVv1iz-6IuqhZ3E1XQ_aRERBIdOu4K5DLNSgr9e2WrsIkU2QVrocfn1SPyllELSxNm23ofC-xkyG_T41PWTCRTR9IoG7zciWehKk5f3DlcBcuERTUS4Nzdi3SvVI1vS84913jW26qlhyY-YEiV9A=w408-h272-k-no,,,,"Hotel Anamela es un alojamiento ubicado en Maní, Casanare, que ofrece hospedaje para viajeros de negocios y turismo en la región de los Llanos Orientales.",,2
Hotel Paso Real,Hotele,4.8166944,-72.2839786,,Maní,https://lh3.googleusercontent.com/gps-cs-s/AHRPTWn5hOM7UERsnIDZFVDxTtuf2bSviTKISRS2B5CsZNlcqlgE7eME6zUFkCbpYHHJj2M-We_kZwn0tgO4UZUAeVtiOLO08Im0uc4Zi4ptgUWnohRmm39xP9Tvh_ynxOyFroTLPydqD2pO_lOL=w408-h544-k-no,,,,"Hotel Paso Real es un alojamiento ubicado en Maní, Casanare, que ofrece hospedaje para viajeros de negocios y turismo en la región de los Llanos Orientales.",4.6,2
Cabañas Los Almendros,Hotele,4.8115953,-72.2771756,,Maní,https://lh3.googleusercontent.com/gps-cs-s/AHRPTWmFLIVyP1MHnWZl52JkZ-oAFOdeZczMGoeT-qYNRSgtoTHpTXx4i5D5CdiZ1l-8RZYbDOQXMzW41Eh3sInglBOsHbIMSj6xZCOS_E3R3_F9eXsxnDnQeXsBaqLc1SW25Of8q82j=w408-h271-k-no,,,,"Cabañas Los Almendros es un alojamiento ubicado en Maní, Casanare, que ofrece hospedaje para viajeros de negocios y turismo en la región de los Llanos Orientales.",4.1,2
Hotel: Casa turistica Portones del mirador,Hotele,4.8765402,-72.9003901,,Sabanalarga,https://lh3.googleusercontent.com/gps-cs-s/AHRPTWnZMnBtAq7OCYCflcA2s15DLWQ5x8sTUtcjOONRR29Z8jov6GPIxLGSRju4gQUdL79uq2u9xxlzWzZwQI8d_RUpzWqcPXil8QuMWEArW3sJ-uuY2jDNY-9Evk1C86KYCDjOMh4S9I2LZU3c=w408-h306-k-no,,,,"Hotel: Casa turistica Portones del mirador es un alojamiento ubicado en Sabanalarga, Casanare, que ofrece hospedaje para viajeros de negocios y turismo en la región de los Llanos Orientales.",4.8,2
Hotel Villa Real,Hotele,4.8386209,-72.9557016,,Sabanalarga,https://lh3.googleusercontent.com/gps-cs-s/AHRPTWmLOOnRyNtSjfe-YvrkqFJeQPvSWEWdD_K7B32TzFBm5BRSuwDAENkmlsI9l43-almPMAgcwXXtQn5DdB3JcnK1q0mxpAVJzFUB4mgSRXatVX8FIQgk0exexLcapAKhVtscLkEd=w426-h240-k-no,,,,"Hotel Villa Real es un alojamiento ubicado en Sabanalarga, Casanare, que ofrece hospedaje para viajeros de negocios y turismo en la región de los Llanos Orientales.",4.3,2
Cabañas El Encanto,Hotele,4.9237553,-72.923196,,Sabanalarga,https://lh3.googleusercontent.com/gps-cs-s/AHRPTWl7-dYVNosjNECSut4lbr1TmMppthg_4hlNIIqoSR5xgKPmNX_DE9U65PgyRNmi1VaYLG37rlX1IirZmA15PIGy_2zvriFAGoDD897RILVb1a2Vsu4M1Y5fgjN1Usf8v9aHD8h1jL9_gJA-=w408-h544-k-no,,,,"Cabañas El Encanto es un alojamiento ubicado en Sabanalarga, Casanare, que ofrece hospedaje para viajeros de negocios y turismo en la región de los Llanos Orientales.",5.0,2
Harmony Glamping,Hotele,4.8199632,-73.1736413,,Sabanalarga,https://lh3.googleusercontent.com/gps-cs-s/AHRPTWloFBibVoNt96eF2YstkgfvqRbPl8Y0rUowb7bPoJlfWX2EjoyMVs8JbkF4niNro1IyaDOuukAQNc6bzS7yORQNHZYXKzlRFyk4vJeg5lk-iyjLQ2umELpMcNfLdLOZ2gjDZZmodA=w408-h306-k-no,,,,"Harmony Glamping es un alojamiento ubicado en Sabanalarga, Casanare, que ofrece hospedaje para viajeros de negocios y turismo en la región de los Llanos Orientales.",4.3,5
Hotel Colina Campestre,Hotele,4.8208697,-73.1696511,,Sabanalarga,https://lh3.googleusercontent.com/gps-cs-s/AHRPTWnMMoQQ_DHSymOYU5mjRpPi9vJJbd7jBNPXLudMdzGGD8of835eB_BDwTlaNgWlLaF00MDib990VulKS-_GbfVCuWs6eaXTCbbLSxzou8DWuh6Sx6xHXm_yZa-cgZEZ9GpATpTi-j6ODz2u=w408-h306-k-no,,,,"Hotel Colina Campestre es un alojamiento ubicado en Sabanalarga, Casanare, que ofrece hospedaje para viajeros de negocios y turismo en la región de los Llanos Orientales.",4.3,5
Hotel La Terraza,Hotele,4.8200442,-73.1685882,,Sabanalarga,https://lh3.googleusercontent.com/gps-cs-s/AHRPTWlaaoZKDG4GxcO6GinkgeEypDBz37n4K_UHZHX7k4C5NcAOyOeQsqcSMlaC5xl6jzxzynZpQe4ehFOYyz0KBNDxhxnkvJX071cxRl-4y3Dp9vHvRju2T2kmlWc-1eQRJyiW1M619w=w408-h544-k-no,,,,"Hotel La Terraza es un alojamiento ubicado en Sabanalarga, Casanare, que ofrece hospedaje para viajeros de negocios y turismo en la región de los Llanos Orientales.",4.5,5
Hotel del Río Túa,Hotele,4.8855737,-72.8997492,,Sabanalarga,https://lh3.googleusercontent.com/gps-cs-s/AHRPTWkSqkWFph3e27eeW-nUD09O8x_ozza2tXpqbtINABuW3GyQwXPC4IdouTzEqu2vQIlNu-2CjrbloCVache2t522_3tADLvBc3YSW28ptLyINtXVIbF8ULLFjvYNoKw-J69ieEjK6pgtW7s8=w408-h275-k-no,,,,"Hotel del Río Túa es un alojamiento ubicado en Sabanalarga, Casanare, que ofrece hospedaje para viajeros de negocios y turismo en la región de los Llanos Orientales.",5.0,2
Hotel Buenos Aires,Hotele,4.8201287,-73.1685382,,Sabanalarga,https://lh3.googleusercontent.com/gps-cs-s/AHRPTWm2OI4h1ckODbu75TYcVG7OwsmSyIhYAxVGQ6ex5lWaJxGqATRxmPcdbu2ZFF8yTMQtH_gCEoPkx6Z6zZ_K3oLt7FEwCVqX5iVXy9SzvQwUcY4VCsdeBn_5wwxqsIJyoybkDDES=w408-h357-k-no,,,,"Hotel Buenos Aires es un alojamiento ubicado en Sabanalarga, Casanare, que ofrece hospedaje para viajeros de negocios y turismo en la región de los Llanos Orientales.",4.5,5
Hotel Colonial,Alojamiento,5.82941,-72.163318,,Támara,https://lh3.googleusercontent.com/gps-cs-s/AHRPTWmwAIHKLH2XC1yTeR8yb7l-BEop9HLcV21mnNNn55Ce3uJuD39NeE_IasN-IJrJAAO-ih3QLNtG3sGXD7rHmGFBjh992IX9viWLTgrMmzrrs2gXxesheuW5sFZ8mfmqXrhEfGM=w427-h240-k-no,,,,"Hotel Colonial es un alojamiento ubicado en Támara, Casanare, que ofrece hospedaje para viajeros de negocios y turismo en la región de los Llanos Orientales.",3.9,
Hotel Támara casanare,Hotel,5.8304916,-72.1619229,,Támara,https://streetviewpixels-pa.googleapis.com/v1/thumbnail?panoid=PBvyBcStuuyC9a7_1mF4lA&cb_client=search.gws-prod.gps&w=408&h=240&yaw=268.6036&pitch=0&thumbfov=100,,,,"Hotel Támara casanare es un alojamiento ubicado en Támara, Casanare, que ofrece hospedaje para viajeros de negocios y turismo en la región de los Llanos Orientales.",4.0,
Hotel Serranova,Hotel,6.1571364,-71.7660658,,Hato Corozal,https://lh3.googleusercontent.com/gps-cs-s/AHRPTWm5EJfYZ3ISRBK_ugwullCkwwWYK6LEQgg5eqfCBkQpxKKeYo5QerXfZy83wut5ZOFD2mjTNUw8bPdzYQuDIWX4Tc3mNRRxIULzdApNLbzV_1PvzLPeDgD2hOLaxcf24rTzMNAh=w408-h241-k-no,,,,"Hotel Serranova es un alojamiento ubicado en Hato Corozal, Casanare, que ofrece hospedaje para viajeros de negocios y turismo en la región de los Llanos Orientales.",4.4,
HOTEL MAYVA,Hotel,6.1580885,-71.7658312,,Hato Corozal,https://streetviewpixels-pa.googleapis.com/v1/thumbnail?panoid=25A-xlGvpzXG8fZutCuPMg&cb_client=search.gws-prod.gps&w=408&h=240&yaw=129.28467&pitch=0&thumbfov=100,,,,"HOTEL MAYVA es un alojamiento ubicado en Hato Corozal, Casanare, que ofrece hospedaje para viajeros de negocios y turismo en la región de los Llanos Orientales.",4.0,
HOSPEDAJE HATO VERDE PRIMAVERAL,Hotel,6.1583042,-71.7643453,,Hato Corozal,https://lh3.googleusercontent.com/gps-cs-s/AHRPTWny6oA0kKLoW1SDAE68m5zNK77ZrLK_JYxK6L0xDaVciA3tytp0aRaGXwWDWlfO24oM4ThuZNJo6PiccajZ1Oa7j2uBZP2mO2oYUbJzFh0A6tzOmumrL-oPGEoxxnEJxumSjU-M=w941-h240-k-no,,,,"HOSPEDAJE HATO VERDE PRIMAVERAL es un alojamiento ubicado en Hato Corozal, Casanare, que ofrece hospedaje para viajeros de negocios y turismo en la región de los Llanos Orientales.",4.4,
Vereda santa maría,Hotel,6.154946,-71.76236,,Hato Corozal,https://streetviewpixels-pa.googleapis.com/v1/thumbnail?panoid=daTniq5YngsVjawf2P2p0g&cb_client=search.gws-prod.gps&w=408&h=240&yaw=131.77913&pitch=0&thumbfov=100,,,,"Vereda santa maría es un alojamiento ubicado en Hato Corozal, Casanare, que ofrece hospedaje para viajeros de negocios y turismo en la región de los Llanos Orientales.",,
Hotel Palma Real,Hotel,6.158575,-71.7605971,,Hato Corozal,https://streetviewpixels-pa.googleapis.com/v1/thumbnail?panoid=BVt0dzD1_ovwJlzNoV7njw&cb_client=search.gws-prod.gps&w=408&h=240&yaw=346.31763&pitch=0&thumbfov=100,,,,"Hotel Palma Real es un alojamiento ubicado en Hato Corozal, Casanare, que ofrece hospedaje para viajeros de negocios y turismo en la región de los Llanos Orientales.",4.0,
Vereda santa rita,Hotel,6.154946,-71.76236,,Hato Corozal,https://streetviewpixels-pa.googleapis.com/v1/thumbnail?panoid=daTniq5YngsVjawf2P2p0g&cb_client=search.gws-prod.gps&w=408&h=240&yaw=131.77913&pitch=0&thumbfov=100,,,,"Vereda santa rita es un alojamiento ubicado en Hato Corozal, Casanare, que ofrece hospedaje para viajeros de negocios y turismo en la región de los Llanos Orientales.",,
