nombre,latitud,longitud,servicios,ciudad
Agromilenio,5.178792,-72.5424886,Insumos y productos para cultivo,Aguazul Casanare
Fedearroz,5.1768536,-72.5529188,Insumos y productos para cultivo,Aguazul
Cosechar,5.175924,-72.5507731,Insumos y productos para cultivo,Aguazul
Diana Agrícola Aguazul,5.1885216,-72.534197,Insumos y productos para cultivo,Aguazul
Diana Agícola Yopal,5.3191244,-72.4048268,Insumos y productos para cultivo,Perímetro Urbano Yopal
Agrointegral,5.3259135,-72.3847031,Insumos y productos para cultivo,Perímetro Urbano Yopal
Cosechar,5.3259068,-72.4046433,Insumos y productos para cultivo,Perímetro Urbano Yopal
Agromilenio,5.3273634,-72.407134,Insumos y productos para cultivo,Perímetro Urbano Yopal
Agromundo,5.3384159,-72.4014166,Insumos y productos para cultivo,Perímetro Urbano Yopal
Centro Agropecuario,4.8813142,-72.8951904,Insumos y productos para cultivo,Monterrey
Unión de Arroceros,5.1833704,-72.5466926,Insumos y productos para cultivo,Aguazul
Diana Agrícola,5.2864571,-72.4014592,Insumos y productos para cultivo,Yopal
ORF,5.7305903,-71.9939215,Insumos y productos para cultivo,Pore
Agropecuaria Benitez,5.7261388,-71.9944794,Insumos y productos para cultivo,Pore
Agroexport,5.733147,-71.9946444,Insumos y productos para cultivo,Pore
Diana Agrícola La Paz,5.8709094,-71.8928774,Insumos y productos para cultivo,Paz de Ariporo
Agrillanos,5.3341011,-72.4013008,Insumos y productos para cultivo,Perímetro Urbano Yopal
Agrillanos,5.7331337,-71.9946726,Insumos y productos para cultivo,Pore
Agrofarm,5.3320287,-72.4021055,Insumos y productos para cultivo,Perímetro Urbano Yopal
Diana Agrícola Trinidad,5.4127954,-71.6643135,Insumos y productos para cultivo,Trinidad
Agrobúfalo,5.4089356,-71.6630703,Insumos y productos para cultivo,Trinidad
Omagro,5.3260916,-72.4059229,Insumos y productos para cultivo,Perímetro Urbano Yopal
Insuagro,5.3397544,-72.3979969,Insumos y productos para cultivo,Perímetro Urbano Yopal
Avicola Campestre,5.3408921,-72.3965485,Insumos y productos para cultivo,Perímetro Urbano Yopal
Aliecas,5.3191388,-72.4049721,Insumos y productos para cultivo,Perímetro Urbano Yopal
Siagro,5.3270385,-72.4064741,Insumos y productos para cultivo,Perímetro Urbano Yopal
Futuagro,5.3460264,-72.4014209,Insumos y productos para cultivo,Perímetro Urbano Yopal
Fedearroz Yopal,5.325927,-72.4079388,Insumos y productos para cultivo,Perímetro Urbano Yopal
Diana Agrícola Maní,4.824602,-72.2897298,Insumos y productos para cultivo,Maní
Sonora insumos,5.3263455,-72.4063865,Insumos y productos para cultivo,Perímetro Urbano Yopal
Agroexport Aguazul,5.1766067,-72.5459526,Insumos y productos para cultivo,Aguazul
Agrícola Piedemonte,5.331151,-72.4083011,Insumos y productos para cultivo,Perímetro Urbano Yopal
Arroz Sonora,4.8227286,-72.2857978,Insumos y productos para cultivo,Maní
Fitollanos,5.3368288,-72.3967486,Insumos y productos para cultivo,Perímetro Urbano Yopal
Agropartner,5.3281493,-72.4078208,Insumos y productos para cultivo,Perímetro Urbano Yopal
La majada,5.6379204,-72.1952567,Atención y productos veterinarios,Nunchía
DARAGRO S.A.S Mani,4.8171641,-72.2858481,"🌱 Insumos agrícolas (semillas, fertilizantes, agroquímicos)
AGROPEVG,4.8188068,-72.2847793,🌱 Insumos agrícolas (semillas; fertilizantes",agroquímicos)
Llano Agros Insumos,5.883231,-71.9014059,"🌱 Insumos agrícolas (semillas, fertilizantes, agroquímicos)
Vivero Don Moya,5.1763683,-72.5576723,Insumos y productos para cultivo,Aguazul
Vd Asistencia Técnica Agropecuaria S.A.S,5.343789,-72.394397,Atención y productos veterinarios
Hatovet,5.34926,-72.401311,Atención y productos veterinarios
Alarpo s.a.s.,5.347755,-72.402213,Atención y productos veterinarios
Agroveterinaria el paradero,5.348437,-72.399329,Atención y productos veterinarios
Tienda de mascotas mundo peludo,5.318918,-72.394352,Atención y productos veterinarios
Centro médico Veterinario del Casanare,5.343114,-72.396082,Atención y productos veterinarios
Tienda Agroinsumos y Veterinaria Mundo Animal,5.3456672,-72.4021822,Atención y productos veterinarios
Agroveterinaria la corraleja,5.340938,-72.3966833,Atención y productos veterinarios
Agroservicios el caporal,5.341003,-72.396552,Atención y productos veterinarios
Agroveterinaria Arenamad,5.336405,-72.38325,Atención y productos veterinarios
Droguería Veterinaria El Torete,5.346415,-72.401322,Atención y productos veterinarios
Distriservicios la Hacienda,5.343893,-72.394594,Atención y productos veterinarios
Agroveterinaria el caney mv,5.347451,-72.398625,Atención y productos veterinarios
Agropecuaria Tierras y Ganado,5.34742,-72.399061,Atención y productos veterinarios
M.V. Biogenéticas S.A.S,5.338302,-72.400618,Atención y productos veterinarios
San Martin 24-7 Veterinarios a domicilio,5.343733,-72.394016,Atención y productos veterinarios
Agrocentro El Portal,5.331712,-72.407812,Atención y productos veterinarios
Agroveterinaria el Pastisal LTDA,5.346411,-72.401803,Atención y productos veterinarios
Tienda mi mascotica paisa,5.344757,-72.388784,Atención y productos veterinarios
Centro veterinario zoomascotas yopal,5.346,-72.401208,Atención y productos veterinarios
Clínica Veterinaria Animalia,5.3185245,-72.3987363,Atención y productos veterinarios
Veterinaria y Ferretería D&D,5.335376,-72.394783,Atención y productos veterinarios
Veterinaria rancho de les,5.346252,-72.402464,Atención y productos veterinarios
Animal health clinica veterinaria yopal,5.333315,-72.381236,Atención y productos veterinarios
Veterinaria y Pet Shot La Pradera,5.347388,-72.399631,Atención y productos veterinarios
Agroservicios del llano Alarpo,5.347755,-72.402536,Atención y productos veterinarios
Vet Center Yopal,5.335316,-72.399936,Atención y productos veterinarios
Centro veterinario petland,5.350292,-72.398465,Atención y productos veterinarios
Agroveterinaria Akuarius,5.34698,-72.402177,Atención y productos veterinarios
El Mercado Agropecuario S.A.S.,5.341408,-72.398774,Atención y productos veterinarios
Ferreagro Del Campo,5.336235,-72.404484,Atención y productos veterinarios
Aquatienda,5.341252,-72.393171,Atención y productos veterinarios
Hospital veterinario los mejores amigos,5.349038,-72.39338,Atención y productos veterinarios
Canilandia.dog,5.349202,-72.396134,Atención y productos veterinarios
Agroquintana,5.347229,-72.402151,Atención y productos veterinarios
Centro medico veretinario planeta animal,5.334626,-72.396988,Atención y productos veterinarios
Meditep shop,5.3290122,-72.3814118,Atención y productos veterinarios
Agroinsumo La Escuadra,5.337769,-72.395895,Atención y productos veterinarios
Agroveterinaria el Pastisal,5.346346,-72.401761,Atención y productos veterinarios
Mascotizados,5.314632,-72.399615,Atención y productos veterinarios
Agroinsumos D`gourmet,5.338585,-72.385736,Atención y productos veterinarios
Clinivet medicina especializada,5.315969,-72.398323,Atención y productos veterinarios
Animal Club Yopal,5.35121,-72.400723,Atención y productos veterinarios
Veterinaria Agro mas,5.336251,-72.404441,Atención y productos veterinarios
Mascotas Milu,5.346108,-72.401753,Atención y productos veterinarios
Clinica veterinaria nuestra señora del carmen,5.302634,-72.41002,Atención y productos veterinarios
Dra. Pet`s,5.338083,-72.397462,Atención y productos veterinarios
Veterinaria el Rancho de les S.A.S.,5.34648,-72.402504,Atención y productos veterinarios
Sumeragro yopal,5.337107,-72.396965,Atención y productos veterinarios
Veterinaria el corral de la 40,5.318908,-72.410454,Atención y productos veterinarios
Centro de diagnóstico Veterinario - Medivet,5.344476,-72.392601,Atención y productos veterinarios
Veterinaria El Rancho de les S.A.S.,5.3465289,-72.4024739,Atención y productos veterinarios
Inversiones Agropecuarias el Hato,5.341162,-72.396704,Atención y productos veterinarios
Agropecuaria la 10,5.3458045,-72.4015091,Atención y productos veterinarios
Animal Kingdom Servicios Veterinarios S.A.S,5.330665,-72.400364,Atención y productos veterinarios
Central veterinaria el establo sas,5.317734,-72.4042458,Atención y productos veterinarios
Embriogan,5.325966,-72.387882,Atención y productos veterinarios
Agroveterinaria El pastisal calle 11,5.345326,-72.400684,Atención y productos veterinarios
Todohules,5.340227,-72.3976565,Atención y productos veterinarios
Insumedicas del llano,5.335915,-72.383233,Atención y productos veterinarios
Clinica Veterinaria Animal Center del Llano,5.318708,-72.397683,Atención y productos veterinarios
Mascotilandia,5.344348,-72.392654,Atención y productos veterinarios
King Can Centro Veterinario,5.339045,-72.396458,Atención y productos veterinarios
Medilab laboratorio clinico veterinario,5.348282,-72.394797,Atención y productos veterinarios
Cachorritos Tu Pet Shop,5.317928,-72.398849,Atención y productos veterinarios
Animalcenter del llano,5.3427031,-72.3874421,Atención y productos veterinarios,Perímetro Urbano Yopal
Vivero Municipal,5.423406,-71.7217048,Insumos y productos para cultivo
C.E.I - Granja El Remanso,5.3112306,-72.3873952,Insumos y productos para cultivo
AGRO INSUMOS SONORA,4.8226598,-72.2859792,🌱 Insumos agrícolas (semillas; fertilizantes",agroquímicos)
Veterinaria Mauro,6.0991572,-72.2491357,Atención y productos veterinarios,Sácama
