nombre,categoria,ciudad,latitud,longitud,direccion,telefono,sitio_web,imagen_url,servicios
La Brasa Llanera,restaurante,Yopal,5.3281708,-72.3992233,"a 12-127, Cl. 30 #12-1, Yopal, Casanare",,,,
Rapi Roy Parrilla,restaurante,Yopal,5.349798,-72.3971678,"Calle 9 #No. 23 - 61 Centro comercial Unicentro Local 2-68 Centro comercial Gran Plaza Alcaraván, Local 111, Yopal, Casanare",,,,
La Res,restaurante,Yopal,5.348537,-72.394837,"Cra. 25 # 11- 11, Yopal, Casanare",,,,
CARBON Y VINO,restaurante,Yopal,5.3246612,-72.4046859,"Cl. 31 #5-17, Yopal, Casanare",,,,
Restaurante El Brasero,restaurante,Yopal,5.3393064,-72.3972067,"Cra. 19 #Calle 18, Yopal, Casanare",,,,
Tornillos y Herramientas La 40,tienda de herramientas,Yopal,5.3188408,-72.3949296,"Cl. 40 #14 A 52, Yopal, Casanare",,,,
Ferreteria Ferrehidraulicas Y Soluciones,ferretería,Yopal,5.3187337,-72.3952931,"Cl. 40 #14- 24, Yopal, Casanare",,,,
Ferretería la 15 Yopal,tienda de herramientas,Yopal,5.3250272,-72.3937283,"20 de julio, Yopal, Casanare",,,,
Universal De Tornillos Y Herramientas,ferretería,Yopal,5.3317688,-72.406926,"Cl. 24 #7b-40, Yopal, Casanare",,,,
COMERCIALIZADORA FERRECENTRO,ferretería,Yopal,5.3434526,-72.3966862,"Calle 15 21 19 Calle 15 #21 - 19 Bello Hotizonte, Yopal, Casanare",,,,
Drogueria Mundo Farma,farmacia,Yopal,5.3417204,-72.3943762,"El Gavan, Cra. 22 #calle 17-71, Yopal, Casanare",,,,
Farmacenter 24 Horas,farmacia,Yopal,5.3318654,-72.4031924,"Cra. 10 #24 - 131, Yopal, Casanare",,,,
Droguería El Terminal de Yopal,farmacia,Yopal,5.3362664,-72.3902312,"Barrio la Floresta, Cra. 23 #25- 15, Yopal, Casanare",,,,
DROGUERIA FARMA ORIENTE DEL LLANO YOPAL,farmacia,Yopal,5.3359321,-72.3937905,"Cl. 24 #20-11, Yopal, Casanare",,,,
Droguería Alemana,farmacia,Yopal,5.3358929,-72.3938716,"Cl. 24 #20-03 Esquina, Yopal, Casanare",,,,
Super Metro Yopal,supermercado,Yopal,5.3250788,-72.4033326,"Cl. 31 #6 - 72, Yopal, Casanare",,,,
Supermercado Don toño,supermercado,Yopal,5.3309131,-72.4043836,"Cra. 9 #252 a 25-86, Yopal, Casanare",,,,
Supermercado Más x Menos,supermercado,Yopal,5.3181808,-72.3975397,"Cl. 40 #12-10, El Banco, Yopal, Casanare",,,,
Megabastos del llano,supermercado,Yopal,5.3316841,-72.3987507,"a 25b-1, Cra. 14 #25b-33, Yopal, Casanare",,,,
Supérmercado El Portal,supermercado,Yopal,5.3218122,-72.3959139,"Cra. 14 A #36B-36, Yopal, Casanare",,,,
PACHO TUMECANICO,taller mecánico,Yopal,5.3366411,-72.4019659,"Tv. 10 #19-17, Yopal, Casanare",,,,
Tolomotos,taller mecánico,Yopal,5.3231259,-72.3978919,"Cra. 13 #35-30, Yopal, Casanare",,,,
Taller Premium,taller mecánico,Yopal,5.3353257,-72.3940383,"Cra. 20 #24-44, Yopal, Casanare",,,,
TallerJimCarSuarezYopal,taller de frenos,Yopal,5.3296012,-72.4004523,"Cra. 12 #21-46, Primero de mayo, Yopal, Casanare",,,,
OMICRN LyP,taller mecánico,Yopal,5.330677,-72.4033377,"Cl. 26 #9-63, Yopal, Casanare",,,,
cibertienda.com,tienda de ropa para bebés,Yopal,5.3253014,-72.3978538,"nuevo habitat 2, Cl. 33 #13 17, Yopal, Casanare",,,,
CANDY'LU STORE Y KAOS Elegancia que se nota Ropa masculina Y Femenina con carácter.,tienda de ropa de mujer,Yopal,5.3320326,-72.3929186,"Cra. 19 #28-9, Yopal, Casanare",,,,
Surtitodo del Llano Yopal,tienda de ropa,Yopal,5.3471218,-72.4018661,"Cl. 9 #N° 18 - 65, Yopal, Casanare",,,,
Mattelsa Yopal | Unicentro | Tienda de Ropa,tienda de ropa,Yopal,5.347532,-72.389897,"Cra. 29 #14 - 47 Segundo piso - Local 137F, Yopal, Casanare",,,,
Mattelsa Yopal | Unicentro | Tienda de Ropa,tienda de ropa,Yopal,5.347532,-72.3898968,"Cra. 29 #14 - 47 Segundo piso - Local 137F, Yopal, Casanare",,,,
Papeleria Roma Yopal Casanare,papelería,Yopal,5.3191623,-72.4002806,"Tv. 7 #37b - 40, Yopal, Casanare",,,,
Papeleria la Primavera,cibercafé,Yopal,5.3256356,-72.3956295,"Cl. 33a #14 A - 41, La primavera, Yopal, Casanare",,,,
PAPELERIA NICOL,papelería,Yopal,5.3469856,-72.3993753,"Cl. 10 #20-50, Yopal, Casanare",,,,
Papelería Cervantes 1,papelería,Yopal,5.3464869,-72.4001901,"Yopal, Casanare",,,,
PAPELERÍA MULTISERVICIOS LA 13,papelería,Yopal,5.3268401,-72.3990506,"Cl. 31 #12b 03, Yopal, Casanare",,,,
Daniels Burger / Restaurante,restaurante,Aguazul,5.1782026,-72.5493667,"Dg. 22 A #16-50, Aguazul, Casanare",,,,
Mirador del Valle,bar,Aguazul,5.1963709,-72.5564088,"mirador del valle, Cuarto unete, Aguazul, Casanare",,,,
La Barra,restaurante,Aguazul,5.1773625,-72.5435146,"Cra. 17 #20-48, Aguazul, Casanare",,,,
La Cascada Aguazul 2,restaurante de brunch,Aguazul,5.1735451,-72.5495127,"Cra. 19 #12 - 60, Aguazul, Casanare",,,,
CHEPO'S PARRILLA,restaurante familiar,Aguazul,5.178441,-72.5503768,"Cl. 15a #23-49, Aguazul, Casanare",,,,
Ferreteria Sevilla,ferretería,Aguazul,5.168338,-72.5489239,"Cl 9 #1300, Aguazul, Casanare",,,,
Ferreteria Districénter,ferretería,Aguazul,5.1771882,-72.5586858,"Cl 9, Aguazul, Casanare",,,,
DISTRIBUIDORA FERRECENTER,tienda de herramientas,Aguazul,5.1765163,-72.5508903,"Cl. 14 #22 55, Aguazul, Casanare",,,,
Almacén y Ferretería R.A.,comercio,Aguazul,5.1696966,-72.5481906,"Cra. 14 #10110 10-2 a, Aguazul, Casanare",,,,
Ferreteria J y N,tienda de herramientas,Aguazul,5.1688735,-72.5493445,"Cl 9 # 14 - 08, Aguazul, Casanare",,,,
Farmacenter Cusiana San Luís,farmacia,Aguazul,5.167633,-72.54839,"Cl 9 #11-61, Aguazul, Casanare",,,,
Drogueria Maffe R.H.,farmacia,Aguazul,5.1702046,-72.5494512,"Cl. 10 #15-52, Aguazul, Casanare",,,,
Farmacenter Cusiana,farmacia,Aguazul,5.170801,-72.551498,"Cl 9 #17-67, Aguazul, Casanare",,,,
Drogueria La Guafilla.,farmacia,Aguazul,5.3058602,-72.4442831,"Kilometro 4, Yopal, Aguazul, Casanare",,,,
Droguería Alemana,farmacia,Aguazul,5.170335,-72.5498616,"Cra. 16 #9-75, Aguazul, Casanare",,,,
Mercandy plaza,supermercado,Aguazul,5.1744452,-72.5513839,"Cl. 12 #21-21, Aguazul, Casanare",,,,
Centro Fruver de la 15,supermercado,Aguazul,5.1739284,-72.5469903,"Cra. 17 #114 15-08 a 15, Aguazul, Casanare",,,,
SUPERMARKET EL MORDISCO,supermercado,Aguazul,5.0828415,-72.6030153,"65, Aguazul, Casanare",,,,
AUTOSERVICIO LA ESQUINA,supermercado,Aguazul,5.1670201,-72.5478762,"Cl 9 #11-7, Aguazul, Casanare",,,,
Supermercado la placita,comercio,Aguazul,5.1688763,-72.5503482,"Cra. 15 #875 8-1 a, Aguazul, Casanare",,,,
Taller Mecanica Y Lubricacion La Virgen,taller de camiones,Aguazul,5.180655,-72.5543122,"Aguazul, Casanare",,,,
sevarllantas,taller de revisión de automóviles,Aguazul,5.1790604,-72.541662,"a 23-58, Cra. 17 #23-2, Aguazul, Casanare",,,,
CDA AGUAZUL SAS ZOMAC,oficinas de empresa,Aguazul,5.175205,-72.5518433,"Cl. 12 #22- 40, Aguazul, Casanare",,,,
Montallantas,taller mecánico,Aguazul,5.1481564,-72.5208101,"Aguazul, Casanare",,,,
SERVICENTRO LLANO CAR,taller de automóviles,Aguazul,5.1691452,-72.5524874,"Cl. 7 #17 - 18, Aguazul, Casanare",,,,
KOAJ BASIC AGUAZUL,tienda de ropa,Aguazul,5.1704704,-72.5501296,"Cl. 10 #16-45, Aguazul, Casanare",,,,
Lili Pink,tienda de ropa de mujer,Aguazul,5.1711325,-72.5514519,"Cl 9 #18-32, Aguazul, Casanare",,,,
Turquía Boutique,tienda de ropa de mujer,Aguazul,5.1696676,-72.5530171,"856010, Aguazul, Casanare",,,,
Aleyna,tienda de ropa,Aguazul,5.1758172,-72.5492996,"Cra. 21 #14 64, Aguazul, Casanare",,,,
Heidy's_Store,boutique,Aguazul,5.1713636,-72.5522093,"Cl 9 #18 45, centro, Aguazul, Casanare",,,,
Papeleria Milena,librería,Aguazul,5.1787039,-72.553213,"Cl. 13 #2 25, Aguazul, Casanare",,,,
Multipapeles Aguazul,papelería,Aguazul,5.1778906,-72.5424616,"Cl. 22 #16-37, Aguazul, Casanare",,,,
Papelería JB,papelería,Aguazul,5.3435169,-72.3980742,"Cra. 20 #15 # 14, Yopal, Casanare",,,,
papeleria bethel,papelería,Aguazul,5.1716699,-72.5509769,"Cl. 10 #18-38, Aguazul, Casanare",,,,
MILE Papeleria y Variedades,comercio,Aguazul,5.1005259,-72.4562771,Calle 14 # 13-05 SanJose del Bubuy San Jose del Bubuy casananre,,,,
Restaurante Bar Wings,restaurante,Villanueva,4.6140018,-72.9278633,"Cra. 12 #13-69, Villanueva, Casanare",,,,
Restaurante Gourmet de Nelsy,restaurante,Villanueva,4.6092173,-72.9293444,"Villanueva, Casanare",,,,
La Parrilla del Paisa,restaurante,Villanueva,4.6064115,-72.9279921,"Cl. 7 #7 02, Villanueva, Casanare",,,,
LA CASONA COFFEE HOUSE,restaurante,Villanueva,4.6111917,-72.9322805,"Cra. 14 #8-03 65, Villanueva, Casanare",,,,
Bambú Restaurant Parrilla,restaurante,Villanueva,4.6084081,-72.9288649,"Cra. 9 #8103 8-1 a, Villanueva, Casanare",,,,
Ferreteria Morales,ferretería,Villanueva,4.6121627,-72.9297582,"Cl. 11 #12 - 60, Villanueva, Casanare",,,,
Hierros del casanare,ferretería,Villanueva,4.6064428,-72.9289724,"Cl. 6 #7-67, Villanueva, Casanare",,,,
Ferreseptima,tienda de herramientas,Villanueva,4.6062048,-72.9275923,"Calle 7 # 6 22, Cl. 7 #8 - 69, Villanueva, Casanare",,,,
Ferroriente,tienda de herramientas,Villanueva,4.610555,-72.9280182,"Cl. 11 #10-03, Villanueva, Casanare",,,,
Ferretodo Villanueva.,tienda de herramientas,Villanueva,4.6177315,-72.924835,"Cra. 12 # 19 - 07, Villanueva, Casanare",,,,
Droguería Alemana,farmacia,Villanueva,4.6108166,-72.927828,"Cl. 11 #9 - 78, Villanueva, Casanare",,,,
DROGUERIA LLANO FARMA VILLANUEVA,farmacia,Villanueva,4.6103505,-72.9305251,"855030, Villanueva, Casanare",,,,
Droguería J&C Farmacias,farmacia,Villanueva,4.6101738,-72.9323376,"Cl. 7 #13-44, Fundadores, Villanueva, Casanare",,,,
Drogueria farmallanos,farmacia,Villanueva,4.6095661,-72.9266266,"Cl. 11 #8-59, Villanueva, Casanare",,,,
Autoservicio Universal Central,tienda de alimentación,Villanueva,4.6079945,-72.9276652,"Cra 8 #9-56, Villanueva, Casanare",,,,
D1 Villanueva 1,supermercado,Villanueva,4.6087984,-72.9271558,"Cra. 8, Calle 2ª A Sur #9104 #9, Villanueva, Casanare",,,,
SurtimayoristaVillanuevaCasanare,mercado,Villanueva,4.6087835,-72.9255838,"Cra. 7 #11-18, Villanueva, Casanare",,,,
UNICO TU SUPERMERCADO,supermercado,Villanueva,4.6144828,-72.9275032,"Cra. 12 #14-63, Villanueva, Casanare",,,,
Supermercados Universal,supermercado,Villanueva,4.6129169,-72.9376587,"Cra. 8 #8-70, Villanueva, Casanare",,,,
Taller los mellos J.R,taller de reparación de automóviles,Villanueva,4.6065618,-72.9246873,"Cl. 4 #9-39, Villanueva, Casanare",,,,
Montallantas el Nevado.,taller mecánico,Villanueva,4.6098056,-72.9262395,"Cra 8 #11-34, Villanueva, Casanare",,,,
CENTRO DE DIAGNOSTICO AUTOMOTRIZ VILLANUEVA SAS,oficinas de empresa,Villanueva,4.6079162,-72.9246736,"Cl. 11 #5-34, Villanueva, Casanare",,,,
Taller montallantas 24 horas MAURICIO LOPEZ GALINDO,taller mecánico,Villanueva,4.6118387,-72.9254182,"Vereda la libertad, 855030, Villanueva, Casanare",,,,
cars-servise. servicio automotriz,taller mecánico,Villanueva,4.6089522,-72.9244633,"calle 12 numero 5-74, Cra. 6 #12-18, Villanueva, Casanare",,,,
KOAJ BASIC VILLANUEVA,tienda de ropa,Villanueva,4.6104681,-72.9292379,"Cra. 11 #9-60, Villanueva, Casanare",,,,
EXOTIC BOUTIQUE,tienda de ropa de hombre,Villanueva,4.6077833,-72.9329934,"Cra. 12 #4 - 63, Villanueva, Casanare",,,,
Guapa's Boutique,tienda de ropa,Villanueva,4.6177986,-72.9247169,"a 19-113, Cra. 12 #19-1, Villanueva, Casanare",,,,
Megamoda,tienda de ropa,Villanueva,4.6121352,-72.9297338,"Calle 11, vía principal #12 - 25, fundadores, Villanueva, Casanare",,,,
Celeste BOUTIQUE,tienda de ropa,Villanueva,4.6121681,-72.9304058,"Cra. 13 #1019, Villanueva, Casanare",,,,
PAPELERÍA PAPER DREAMS,papelería,Villanueva,4.6101355,-72.9317077,"Cra. 13 #7-66, Libertadores, Villanueva, Casanare",,,,
Papelería El Crayon,papelería,Villanueva,4.6053771,-72.9345561,"Cra. 12 # 1- 20, Villanueva, Casanare",,,,
PAPELERIA DYVARI,papelería,Villanueva,4.6134813,-72.9279093,"Cra. 12 #13 - 36, Villanueva, Casanare",,,,
Papeleria El Estudiante,papelería,Villanueva,4.612222,-72.9293008,"Villanueva, Casanare",,,,
Papelería Y Miscelánea El Peluche,tienda de regalos,Villanueva,4.604888,-72.934349,"Cl. 1 # 11 - 43, Villanueva, Casanare",,,,
UTTAMU Restaurante  Bar,bar restaurante,Tauramena,5.0227856,-72.7477514,"Calle 18 A #12  65, Tauramena, Casanare",,,,
Restaurante Casa China Tauramena,restaurante chino,Tauramena,5.0218906,-72.746912,"Libertadores bajo, Cl. 17a #11 - 22, Tauramena, Casanare",,,,
Restaurante El Alcaravan,restaurante,Tauramena,5.0192975,-72.7476929,"Carrera 12, Dg. 8 #11-64, Tauramena, Casanare",,,,
La selva club campestre,restaurante,Tauramena,5.0025919,-72.7746382,"Tauramena, Casanare",,,,
MARTIN REZ PARRILLA BAR,parrilla,Tauramena,5.0180617,-72.748088,"Cl. 8 #11-07, Tauramena, Casanare",,,,
El Punto De La Construcción Del Llano,ferretería,Tauramena,5.0150332,-72.7520801,"Cra. 13 #2 -54, Tauramena, Casanare",,,,
FERRETERIA JIRETH ALCASA SAS,tienda de herramientas,Tauramena,5.0180857,-72.752035,"Cra. 15 #5-79, Tauramena, Casanare",,,,
Construvarios SAS,ferretería,Tauramena,5.333185,-72.401218,"Cl. 24 #12-26, Yopal, Casanare",,,,
Surtidora Casanareña,ferretería,Tauramena,5.3453181,-72.3999774,"Cra. 19 #11-41, Yopal, Casanare",,,,
Ladrillera y Ferretería el Alcaravan del estadio,tienda de herramientas,Tauramena,5.3195972,-72.3930978,"Trasv 18 # 40, Yopal, Casanare",,,,
Droguería tauramena,farmacia,Tauramena,5.0163426,-72.749197,"Cl. 6 #11-25, Tauramena, Casanare",,,,
Drogueria Tierradentro,farmacia,Tauramena,5.0160399,-72.750079,"Cra. 12 #5-04, Tauramena, Casanare",,,,
Droguería Libertadores S&S,farmacia,Tauramena,5.0231935,-72.745879,"Calle 18 B #11-04, Tauramena, Casanare",,,,
Superdrogas Tauramena,farmacia,Tauramena,5.0164188,-72.7520471,"854030, Tauramena, Casanare",,,,
Droguería Megadescuentos,farmacia,Tauramena,5.0094864,-72.7465193,"Cra. 5 #2 - 02, Tauramena, Casanare",,,,
Tienda D1 Tauramena,tienda de alimentación,Tauramena,5.0180858,-72.7506174,"Cra. 14 #6-56, Tauramena, Casanare",,,,
MEGABASTOS DEL PIEDEMONTE,supermercado,Tauramena,5.01415,-72.7519052,"Cl. 2 #12-39, Tauramena, Casanare",,,,
hipermercado sanpedro,supermercado,Tauramena,5.0181997,-72.7538964,"Cra. 17 #4-57, Tauramena, Casanare",,,,
Supermercado La Gran Bodega,tienda de alimentación,Tauramena,5.0175022,-72.7487528,"Cl. 7, Tauramena, Casanare",,,,
Autoservicio El Cokit,supermercado,Tauramena,5.0181289,-72.7505993,"Cra. 14 #6 - 86, Tauramena, Casanare",,,,
Taller AutoElectricos Arias,taller de reparación de automóviles,Tauramena,5.0146721,-72.7501153,"Cra. 11 #3 36, Tauramena, Casanare",,,,
SERVICIO AUTOMOTRIZ Y PINTURA CARLOS E BAQUERO,taller mecánico,Tauramena,5.0136747,-72.7510406,"Cl. 2 #11-18, Tauramena, Casanare",,,,
Servimotos R&R 2024,taller mecánico,Tauramena,5.0178689,-72.7518069,"Cra. 15 #5-58, Tauramena, Casanare",,,,
cordillera montajes y servicios,taller mecánico,Tauramena,5.0083264,-72.7456446,"calle2b numero 3-36, Tauramena, Casanare",,,,
Montallantas Donde El Boyaco,taller de automóviles,Tauramena,5.0115787,-72.7438757,carrera 4 # 4 - 125 a,,,,
KOAJ BASIC TAURAMENA,tienda de ropa,Tauramena,5.0177552,-72.7507865,"Cra. 14 #6 - 30, Tauramena, Casanare",,,,
Punto Intimo Underwear - Tauramena,tienda de ropa,Tauramena,5.0173213,-72.7511562,"Cra. 14 #5 - 66, Tauramena, Casanare",,,,
Outlet Juanito's,tienda de ropa infantil,Tauramena,5.0168232,-72.7460612,"Tauramena, Casanare",,,,
Faride Boutique,tienda de ropa,Tauramena,5.0214872,-72.7482106,"Libertadores alto, Dg. 17 #13-24, Tauramena, Casanare",,,,
TIENDA DE ROPA COPETE,tienda de ropa de mujer,Tauramena,5.0163889,-72.7519867,"Cra. 14 #4-05, Tauramena, Casanare",,,,
Papelería Mundo Virtual,tienda de material escolar,Tauramena,5.0207904,-72.7430595,"854030, Cra. 7 #cll 15, Tauramena, Casanare",,,,
Papeleria Del Llano,tienda de regalos,Tauramena,5.0176014,-72.750817,"Cl. 6, Tauramena, Casanare",,,,
La central Papelera,papelería,Tauramena,5.0157149,-72.75125,"Cl. 4 #12-45, CENTRO, Tauramena, Casanare",,,,
Papeleria Central Tauramena,tienda de regalos,Tauramena,5.0183708,-72.7486687,"Cl. 8 #12-07, Tauramena, Casanare",,,,
Super Copias,papelería,Tauramena,5.0173427,-72.7512673,"Cra. 14 #51 a 5-103, Tauramena, Casanare",,,,
Restaurante El Botalon,restaurante,Monterrey,4.8726288,-72.887367,"Cl. 13 A #1 esquina, Monterrey, Casanare",,,,
Julia de mi amor Restaurante Bar,restaurante,Monterrey,4.8763232,-72.8959742,"Cl. 16, Monterrey, Casanare",,,,
La chulada fast food Monterrey,hamburguesería,Monterrey,4.8691428,-72.8999452,"Calle 5#10c 06 barrio Olímpico, Monterrey, Casanare",,,,
Canaima Restaurante y Centro Ecoturistico,restaurante,Monterrey,4.8518766,-72.8909974,"Vereda bellavista sector los bugambiles, Finca Canaima, Monterrey, Casanare",,,,
Restaurante Cositas Ricas,restaurante,Monterrey,4.8767653,-72.8938841,"Monterrey, Casanare",,,,
FERRETERÍA CONSTRUMAC,ferretería,Monterrey,4.8778429,-72.8942712,"Monterrey, Casanare",,,,
Ferreconstrucciones La roca,ferretería,Monterrey,4.8767834,-72.8876342,"Cr 1 #18-13, Monterrey, Casanare",,,,
Ferretería Ferreruedas,ferretería,Monterrey,4.8779846,-72.8951771,"calle 18 # 8-68, Monterrey, Casanare",,,,
FERRETERIA FERRETODO,ferretería,Monterrey,4.8777139,-72.8948226,"Cl. 18 #9-35, ALCARAVANES, Monterrey, Casanare",,,,
Drogueria san pedro,farmacia,Monterrey,4.8781426,-72.896479,"Cra 6 #16-68, Monterrey, Casanare",,,,
Drogueria san pedro monterrey,farmacia,Monterrey,4.8763894,-72.8925607,"Centro, 855010, Monterrey, Casanare",,,,
DROGUERIA SAN JUAN Nº2,farmacia,Monterrey,4.8767048,-72.8929389,"Unnamed Road, Monterrey, Casanare",,,,
Drogueria Monterrey,farmacia,Monterrey,4.8768702,-72.8972164,"Monterrey, Casanare",,,,
Droguería Alemana,farmacia,Monterrey,4.881433,-72.8951085,"Cra. 11 #20A - 23, Monterrey, Casanare",,,,
SUPERMERCADO Mio J y A,supermercado,Monterrey,4.8762878,-72.893579,"Cra. 7ª, Monterrey, Casanare",,,,
Supermercado La Piolina,supermercado,Monterrey,4.8779993,-72.8952493,"Los Alcaravanes, Cl. 18 #9-38, Monterrey, Casanare",,,,
Autoservicio Paguemenos,supermercado,Monterrey,4.8768361,-72.8938084,"C. 17 #7 35, Centro, Monterrey, Casanare",,,,
Autoservicio SURTIMAX,supermercado,Monterrey,4.8766958,-72.8972906,"Cra. 11 #15-55, Monterrey, Casanare",,,,
Taller mecánico FV,taller mecánico,Monterrey,4.8438921,-72.8543372,"Monterrey, Casanare",,,,
Taller los pinzas,taller de automóviles,Monterrey,4.877275,-72.8874014,"km 2 vía yopal 18-06, Monterrey, Casanare",,,,
TECNIMOTORES Y GUADAAS J.M,taller de automóviles,Monterrey,4.8781426,-72.896479,"CR 8#19-40, La Primavera, Monterrey, Casanare",,,,
Montallantas,taller de reparación de automóviles,Monterrey,4.8838378,-72.8936838,"Cl. 24, Monterrey, Casanare",,,,
Boutique La Bonita,tienda de ropa de mujer,Monterrey,4.8752136,-72.8904475,"855010, Cl. 16 #2-63, Floresta, Monterrey, Casanare",,,,
Lover boutique s.s,tienda de ropa para jóvenes,Monterrey,4.8766002,-72.893012,"C. 17 #6-35, Monterrey, Casanare",,,,
Boutique Ecuador,tienda de ropa,Monterrey,4.8775759,-72.8936036,"64010, Monterrey, Casanare",,,,
Verona - Ropa y accesorios,tienda de ropa,Monterrey,4.8816658,-72.8952588,"Calle 21 #11-24, Monterrey, Casanare",,,,
ANAMÁ ROPA FEMENINA,boutique,Monterrey,4.8762974,-72.8927208,"855010, Monterrey, Casanare",,,,
Papelería Superior,papelería,Monterrey,4.8780187,-72.8912348,"Cl. 19, Monterrey, Casanare",,,,
Papelería Nissi,papelería,Monterrey,4.8754068,-72.8978512,"Cra. 11, Monterrey, Casanare",,,,
Papelería AKI ES,papelería,Monterrey,4.8771504,-72.8902913,"Cl. 18 #2 34, Monterrey, Casanare",,,,
Papeleria del Olimpico,tienda de regalos,Monterrey,4.8703443,-72.8982153,"Cra. 10ª #7-05, Monterrey, Casanare",,,,
Papeleria Molly,papelería,Monterrey,4.8713098,-72.899778,"Cra. 11 #8-29, Monterrey, Casanare",,,,
Torralba El Toque Del Sabor,restaurante,Paz de Ariporo,5.8839028,-71.8936502,"Cl. 12 #10-50, Paz de Ariporo, Casanare",,,,
Palos de Bambú,restaurante,Paz de Ariporo,5.8790666,-71.8939382,"Paz de Ariporo, Casanare",,,,
Restaurante Guarulo,restaurante,Paz de Ariporo,5.8779548,-71.8946059,"Calle 6 # 8 esquina, Cl. 6 #815, Paz de Ariporo, Casanare",,,,
RESTAURANTE Y ASADERO,restaurante,Paz de Ariporo,5.882897,-71.8898014,"852030, Paz de Ariporo, Casanare",,,,
La Colonial,restaurante,Paz de Ariporo,5.8787059,-71.894187,"Cl. 7 #8-15, Paz de Ariporo, Casanare",,,,
Ferrecentro PazDeAriporo,ferretería,Paz de Ariporo,5.882582,-71.8939326,"Cra. 10 #10-71, Paz de Ariporo, Casanare",,,,
FERRETERÍA EL COMPETIDOR,ferretería,Paz de Ariporo,5.8822701,-71.8942631,"Cra. 10 #10-45, Paz de Ariporo, Casanare",,,,
DEPOSITO BOYACA,ferretería,Paz de Ariporo,5.8803906,-71.8960626,"Cra. 11 #N° 07 - 32, Paz de Ariporo, Casanare",,,,
PINTU PAZ FERRETERÍA,ferretería,Paz de Ariporo,5.8813647,-71.8955621,"Cra. 11 #N. 8  66, Paz de Ariporo, Casanare",,,,
Ferrelectricos Manare,ferretería,Paz de Ariporo,5.8813781,-71.8953356,"Cra. 9 #10-53, Paz de Ariporo, Casanare",,,,
mifarma droguería pza,farmacia,Paz de Ariporo,5.8774716,-71.8968358,"Cra. 10 #4-3, Paz de Ariporo, Casanare",,,,
Drogueria del Norte,farmacia,Paz de Ariporo,5.8825541,-71.8939215,"Cra. 10 #10-71, Paz de Ariporo, Casanare",,,,
DROGUERÍA EL DESCUENTO,farmacia,Paz de Ariporo,5.8798971,-71.8944986,"Cl. 8 #9-32, Paz de Ariporo, Casanare",,,,
Droguería Farmajireh,farmacia,Paz de Ariporo,5.8699965,-71.8838382,"Cra. 10 Este #4-27, Paz de Ariporo, Casanare",,,,
Autoservicio Nuevo Almacen,tienda de alimentación,Paz de Ariporo,5.882103,-71.8920122,"a 11-102 Carrera 8 #11-2, Cra. 8 #11-50, Paz de Ariporo, Casanare",,,,
Drogueria y Supermarket Don Luis,supermercado,Paz de Ariporo,5.8794723,-71.8954722,"Cl. 7 #10-04, Paz de Ariporo, Casanare",,,,
supermercado la chilena,tienda de alimentación,Paz de Ariporo,5.8841038,-71.8930421,"Cra. 10 #13-06, Paz de Ariporo, Casanare",,,,
Surtifruver del Llano,supermercado,Paz de Ariporo,5.8763916,-71.8942464,"Los centauros, Cra. 7 #4-62, Paz de Ariporo, Casanare",,,,
Autoservicio Salamanca,supermercado,Paz de Ariporo,5.8794149,-71.8956671,"Cra. 10 #6-39, Paz de Ariporo, Casanare",,,,
Taller Automotriz Mendoza,taller de reparación de automóviles,Paz de Ariporo,5.8740783,-71.8962118,"Las Villas, Cl. 1 #7-40, Paz de Ariporo, Casanare",,,,
Mundo motos pza,taller mecánico,Paz de Ariporo,5.8819918,-71.8920446,"Cra. 8 #11- 26, Paz de Ariporo, Casanare",,,,
TALLER MECANICO BARUCH - SERVICIO TCNICO,taller de reparación de automóviles,Paz de Ariporo,5.8857609,-71.8938252,"Cra. 12 #14-32, Paz de Ariporo, Casanare",,,,
Laboratorio Evoluciones Diesel 2,taller mecánico,Paz de Ariporo,5.8775437,-71.8979983,"a 3-110 Carrera 11 #3-2, Paz de Ariporo, Casanare",,,,
CAR CENTER,taller de reparación de automóviles,Paz de Ariporo,5.8791477,-71.8991731,"Cl. 4 #13-32, Paz de Ariporo, Casanare",,,,
Boutique Tatty Store,boutique,Paz de Ariporo,5.8848909,-71.8924683,"Cra. 10 #14-27, Paz de Ariporo, Casanare",,,,
SoHo Unisex,tienda de ropa,Paz de Ariporo,5.8807438,-71.8941662,"Cl. 9 #945, Paz de Ariporo, Casanare",,,,
Outfits Sarita,boutique,Paz de Ariporo,5.8866933,-71.8926445,"BARRIO 7 DE AGOSTO, Cl. 16 #11 - 19, Paz de Ariporo, Casanare",,,,
Aquarius Tienda de Ropa,tienda de ropa,Paz de Ariporo,5.8802061,-71.8942416,"Cra. 9 #8-07, Paz de Ariporo, Casanare",,,,
BELLA BOUTIQUE,boutique,Paz de Ariporo,5.8807019,-71.8946978,"Cra. 10 #8-60, centro, Paz de Ariporo, Casanare",,,,
PAPELERÍA H&S,comercio,Paz de Ariporo,5.8789327,-71.8918429,"Cra. 6 #8-48, Paz de Ariporo, Casanare",,,,
Papelería peluchadas,papelería,Paz de Ariporo,5.880756,-71.8936463,"Cra. 9 #9-26, Paz de Ariporo, Casanare",,,,
La patagonia,papelería,Paz de Ariporo,5.89017,-71.8875977,"Cra. 8 #22, 11, Paz de Ariporo, Casanare",,,,
Papeleria La Piramide,comercio,Paz de Ariporo,5.8785298,-71.8959952,"Cra. 10, Paz de Ariporo, Casanare",,,,
Papeleria & Regalos La Gran Portuguesa,tienda de bolígrafos,Paz de Ariporo,5.8803098,-71.8915071,"Cl. 10 #6-42, Paz de Ariporo, Casanare",,,,
El Balcon Paisa,restaurante familiar,Trinidad,5.4094823,-71.6641278,"Trinidad, Casanare",,,,
Vaqueros,restaurante,Trinidad,5.4069008,-71.6619491,"Cra. 4 #52 a 5-90, Trinidad, Casanare",,,,
ASADERO Y RESTAURANTE EL CORCEL,restaurante,Trinidad,5.4100829,-71.6638554,"Cra. 4 #91 a 9-109, Trinidad, Casanare",,,,
Zaragoza,restaurante,Trinidad,5.4073271,-71.6606808,"Cra. 4 #41 a 4-85, Trinidad, Casanare",,,,
VILLA GUADALUPE - LA PROVINCIA,restaurante americano,Trinidad,5.4129113,-71.6581669,"Cra. 10ª, Trinidad, Casanare",,,,
Depósito de Materiales Llanoriente,tienda de herramientas,Trinidad,5.4077927,-71.6632504,"Cl. 7 #4-2 a 4-80, Trinidad, Casanare",,,,
SERVIELECTRICOS TRINIDAD,ferretería,Trinidad,5.4085615,-71.6603776,"Cl. 6 #6-27, Trinidad, Casanare",,,,
FERRETERÍA QUINTANA,ferretería,Trinidad,5.406683,-71.6628006,"Cra. 3 #541, Trinidad, Casanare",,,,
FerreHogar Comercializadora,tienda de artículos para el hogar,Trinidad,5.4071917,-71.6609425,"Cra. 5 #4-26, Trinidad, Casanare",,,,
Drogueria Farmaselen,farmacia,Trinidad,5.4100154,-71.6627059,"Cl. 9 #4-82, Trinidad, Casanare",,,,
Droguería Farmazul,farmacia,Trinidad,5.4072342,-71.6630917,"Cra. 3 #633, Trinidad, Casanare",,,,
VÍA BALOTO FARMACIA COMUNAL TRINIDAD,comercio,Trinidad,5.4067387,-71.6617245,"Cl. 1, Trinidad, Casanare",,,,
Farma Integral Trinidad,farmacia,Trinidad,5.4122959,-71.6604679,"Cl. 10 #8 - 23, Trinidad, Casanare",,,,
El Súper Todo,supermercado,Trinidad,5.4127765,-71.6638183,"Trinidad, Casanare",,,,
SUPERMECADO DONDE NIKO,supermercado,Trinidad,5.4042122,-71.65937,"a 5a-62,, Cl. 1 #5a2, Trinidad, Casanare",,,,
Mercafruver Seleny,supermercado,Trinidad,5.4096579,-71.6625067,"Cra. 5 #8-29, Trinidad, Casanare",,,,
Autoservicio La Canasta,supermercado,Trinidad,5.4066107,-71.6627609,"a 5-85,, Cra. 3 #51, Trinidad, Casanare",,,,
Surtimas del llano,supermercado,Trinidad,5.403202,-71.6585443,"Trinidad, Casanare",,,,
Servicio Electrico,taller de reparación de automóviles,Trinidad,5.4080043,-71.6609076,"Cl. 6 #550, Trinidad, Casanare",,,,
Roger Publicidad y mecánica general,taller de reparación de automóviles,Trinidad,5.4079664,-71.6644091,"Cra. 2 #7-67, Trinidad, Casanare",,,,
Almacen & Taller Moto-Sport,taller de automóviles,Trinidad,5.405888,-71.6604346,"Cra. 5 #213, Trinidad, Casanare",,,,
Centro De Lubricación Eds Trinidad,taller de reparación de automóviles,Trinidad,5.408509,-71.6633162,"Cl. 8, Trinidad, Casanare",,,,
Racing motores,taller de reparación de motos,Trinidad,5.4106641,-71.6611345,"Palmeras, Cl. 9 #6-20, Trinidad, Casanare",,,,
Almacén Regalito,tienda de ropa,Trinidad,5.4075192,-71.6620617,"Cl. 6 #4-33, Trinidad, Casanare",,,,
Mundial Del Deporte,tienda de ropa,Trinidad,5.407287,-71.663002,"Cra. 3 #6-54, Trinidad, Casanare",,,,
Chiros Sport Trinidad,tienda de electrodomésticos,Trinidad,5.4073757,-71.6624267,"Cra. 4 #6 15, Trinidad, Casanare",,,,
Sombreros el Paisa,tienda de ropa,Trinidad,5.4067643,-71.6628373,"Cra. 3 #5-2 a 5-86, Trinidad, Casanare",,,,
Almacén maracuya,tienda de ropa para jóvenes,Trinidad,5.4078134,-71.6613005,"Centro No, 4-62, Trinidad, Casanare",,,,
Papeleria Y Cacherreria Don Quijote,tienda de artesanías,Trinidad,5.407021,-71.662872,"Cra. 3 #6-2 a 6-104, Trinidad, Casanare",,,,
Papeleria Y Variedades Coquito,tienda de regalos,Trinidad,5.4100573,-71.6621103,"Tv. 5, Trinidad, Casanare",,,,
Papelería y Piñatería Copyservicios HIG,papelería,Trinidad,5.4080523,-71.6614221,"Cra. 5 #6-28, Trinidad, Casanare",,,,
Varíedades Papelería Ludafa,comercio,Trinidad,5.4119323,-71.6610853,"Cl. 10, Trinidad, Casanare",,,,
Restaurante Y Asadero Brisas Del Meta,restaurante,Orocué,4.7926251,-71.3357111,"La candelaria, Cl. 6 #8-93, Orocué, Casanare",,,,
Mamá Chef del Llano,restaurante familiar,Orocué,4.7926821,-71.3372773,"Cl. 6 #10-80, Orocué, Casanare",,,,
Restaurante la Casona,restaurante,Orocué,4.7905036,-71.3378753,"Cl. 3 #11-14, Orocué, Casanare",,,,
El Restaurante Camila,restaurante,Orocué,4.7920345,-71.3345973,"Cl. 4 #4-2 a, Orocué, Casanare",,,,
Humo Orocue,hamburguesería,Orocué,4.7917605,-71.344154,"Calle 4M #17a 46, Orocué, Casanare",,,,
Herrajería y Ferretería El Carpintero,proveedor de materiales de construcción,Orocué,5.3156964,-72.4031964,"Cra. 6a #42a 40, El Banco, Yopal, Casanare",,,,
Distribuidora Carey,ferretería,Orocué,5.3318635,-72.3990826,"Cra. 14, Yopal, Casanare",,,,
Drogueria San Gregorio,farmacia,Orocué,4.7881685,-71.3447696,"diagonal 4 # 17 -60, Orocué, Casanare",,,,
Droguería Familiar,farmacia,Orocué,4.7910028,-71.3371821,"Orocué, Casanare",,,,
Orocue Pharmacy,farmacia,Orocué,4.7917299,-71.3348411,"Cl. 4 #8-20, Orocué, Casanare",,,,
Super Drogas Del Llano,farmacia,Orocué,5.0004939,-71.8849316,"El Algarrobo, Orocué, Casanare",,,,
Inversiones Orocue Sede Centro,supermercado,Orocué,4.7917521,-71.3351093,"Cl. 4 #8-60, Orocué, Casanare",,,,
MiniMarket Pablito,supermercado,Orocué,4.7893954,-71.3452088,"Calle 4c #18a-03, Orocué, Casanare",,,,
Inversiones Orocué,supermercado,Orocué,4.7934483,-71.3356688,"Orocué, Casanare",,,,
Autoservicio la esquina del capibara,tienda de alimentación,Orocué,4.7927872,-71.3357597,"Cl. 6 #7-8, Orocué, Casanare",,,,
MINIMERCADO DON PACO,supermercado,Orocué,4.7850603,-71.3436027,"Orocué, Casanare",,,,
JEITY,tienda de ropa,Orocué,5.322627,-72.4019408,"Tv. 7 #34 16, Yopal, Casanare",,,,
Outlet Shopping Conexion,tienda de ropa de hombre,Orocué,5.3297245,-72.3963072,"Cl. 29 #16-15, Yopal, Casanare",,,,
YL shop,tienda de ropa de mujer,Orocué,5.3241194,-72.398218,"850001, Yopal, Casanare",,,,
Lorena Fernández,tienda de ropa,Orocué,5.333371,-72.4008867,"Cl. 24 #12 92 esquina, Yopal, Casanare",,,,
Papeleria Coquito,papelería,Orocué,4.7894043,-71.3451746,"calle 4c #18a 03 local B, Orocué, Casanare",,,,
papeleria espacio extremo,tienda de artesanías,Orocué,5.337002,-72.3838861,"a 28-110, Cl. 28 #28-2, Yopal, Casanare",,,,
Papelería & Miscelanea Papiros,tienda de material de oficina,Orocué,4.7920542,-71.3348112,"Cra. 8 #4-43, Orocué, Casanare",,,,
Papeleria Din-O,papelería,Orocué,5.3214861,-72.3973203,"Cl. 37 #13-05, Yopal, Casanare",,,,
Las vegas,restaurante,San Luis de Palenque,5.4220761,-71.7285302,"San Luís de Palenque, Casanare",,,,
Comidas Rapidas Prietos,restaurante,San Luis de Palenque,5.4212029,-71.7331773,"Cl. 3, San Luís de Palenque, Casanare",,,,
rrapizza,restaurante,San Luis de Palenque,5.422222,-71.736696,"Cl. 2, San Luís de Palenque, Casanare",,,,
Estadero Rancho Criollo,restaurante,San Luis de Palenque,5.4232749,-71.7368446,"Calle 1 c #11-50, San Luís de Palenque, Casanare",,,,
La Patrona cocina ancestral,restaurante,San Luis de Palenque,5.42222,-71.7323089,"Cl. 2 #7-41, San Luís de Palenque, Casanare",,,,
ALJEDY LTDA,tienda de herramientas,San Luis de Palenque,5.4228089,-71.7345135,"BARRIO PRIMAVERA, Cl. 1 #9-111, San Luís de Palenque, Casanare",,,,
Ferreteria 2a. Avenida,tienda de herramientas,San Luis de Palenque,5.4222014,-71.7339815,"Cl. 2 # 9 - 34/42, San Luís de Palenque, Casanare",,,,
Deposito De Materiales Llanoriente,ferretería,San Luis de Palenque,5.4225823,-71.7312179,"Cl. 2 #620, San Luís de Palenque, Casanare",,,,
Farmacenter Pauto M.y San Luis,farmacia,San Luis de Palenque,5.422006,-71.729208,"Cl. 3 #4 A - 24, San Luís de Palenque, Casanare",,,,
Veterinaria La Potranca,farmacia veterinaria,San Luis de Palenque,5.4220767,-71.7319188,"Cra. 7 #2-2, San Luís de Palenque, Casanare",,,,
Droguerias Y Minimarkets Farmacenter,farmacia,San Luis de Palenque,5.4219085,-71.72992,"Cl. 3, San Luís de Palenque, Casanare",,,,
Droguería Palenque,farmacia,San Luis de Palenque,5.4226987,-71.7311584,"Cra. 6 #1-50, San Luís de Palenque, Casanare",,,,
drogas mundo rebaja,farmacia,San Luis de Palenque,5.4218938,-71.7344346,"Cl. 2ª #9-123, San Luís de Palenque, Casanare",,,,
Distribuciones el garcero,tienda de alimentación,San Luis de Palenque,5.4193807,-71.7280853,"Crr 7 #2-61, San Luís de Palenque, Casanare",,,,
Autoservicio Tropibonanza,supermercado,San Luis de Palenque,5.4218005,-71.7318771,"Cra. 7 #2104 2-2 a, San Luís de Palenque, Casanare",,,,
Super Market Suamox,tienda de alimentación,San Luis de Palenque,5.4222793,-71.7301291,"Cra. 5 #231, San Luís de Palenque, Casanare",,,,
Frutas y verduras Los Paisanitos,frutería,San Luis de Palenque,5.4222417,-71.7335518,"85000, La Primavera, San Luís de Palenque, Casanare",,,,
Taller Automotriz 500 Millas,taller de reparación de automóviles,San Luis de Palenque,5.4191343,-71.7273194,"San Luis De Palenque - Trinidad #Kilometro 6, San Luís de Palenque, Casanare",,,,
Taller Lugger,taller de reparación de automóviles,San Luis de Palenque,5.4228662,-71.7342903,"Cl. 1, San Luís de Palenque, Casanare",,,,
Deina,tienda de ropa,San Luis de Palenque,5.4223667,-71.7309481,"a 5-98,, Cl. 2 #52, San Luís de Palenque, Casanare",,,,
99%ClothingStore,tienda de ropa,San Luis de Palenque,5.4216802,-71.7311079,"Calle 1 D # 11-04 la unidad, San Luís de Palenque, Casanare",,,,
Almacen Ecuatoriano Don Pacho,tienda de ropa,San Luis de Palenque,5.4215144,-71.7316027,"Cra. 6 #2-15, San Luís de Palenque, Casanare",,,,
LG variedades Lucky,tienda de ropa,San Luis de Palenque,5.4202619,-71.7306158,"Cl. 3 #9-88, La Primavera, San Luís de Palenque, Casanare",,,,
FASHION SCARLET,tienda de ropa de mujer,San Luis de Palenque,5.420282,-71.730861,"Calle 1B #12 74, San Luís de Palenque, Casanare",,,,
Papeleria y variedades clip,tienda de regalos,San Luis de Palenque,5.4202825,-71.7308616,,,,,
Alcaldia San Luis de Palenque,oficina de gobierno local,San Luis de Palenque,5.4226158,-71.7309921,"a 5-98,, Cl. 2 #52, San Luís de Palenque, Casanare",,,,
MULTISERVICIOS LA 40 YOPAL,papelería,San Luis de Palenque,5.4218404,-71.7284407,"Cl. 3 #3-5, San Luís de Palenque, Casanare",,,,
Restaurante Corazón Del Llano,restaurante,Pore,5.7312416,-71.9974962,"Pore, Casanare",,,,
Rancho Burger,restaurante,Pore,5.7305932,-71.9905729,"Cl. 10 #13 07, Pore, Casanare",,,,
COROZOPANDO,restaurante,Pore,5.713923,-71.9744109,"Pore - Trinidad #Km 1, Pore, Casanare",,,,
RESTAURANTE LA CAMPECHANA,restaurante,Pore,5.7310217,-71.9981943,"Cra. 21#5-59, Pore, Casanare",,,,
RESTAURANTE LOS GUADUALES,restaurante,Pore,5.7228671,-71.9886629,"Cl 4 #7, Pore, Casanare",,,,
Ferrepizos La Porena,ferretería,Pore,5.72905,-71.9983114,"Cl 4, Pore, Casanare",,,,
Ferreagro constructor,tienda de herramientas,Pore,5.7316727,-71.9972111,"Carrera 21 #6 68, Centro, Pore, Casanare",,,,
Ferretería Bicentenario de Pore,ferretería,Pore,5.7282778,-71.9889722,"Cra. 11 #7 - 47, Pore, Casanare",,,,
DJOTA CENTRO FERRETERO,tienda de herramientas,Pore,5.7257577,-71.9934638,"Cl 4 #12 77, Pore, Casanare",,,,
Droguería y Supermarket Don Luis 2,farmacia,Pore,5.7288482,-71.998047,"Cra. 19 #380, Pore, Casanare",,,,
Droguería Pore,farmacia,Pore,5.7275354,-71.995627,"Cra. 16 #3-105 a 3-1, Pore, Casanare",,,,
DROGUERIA EL BOTICARIO UN COMPROMISO DE VIDA PORE,farmacia,Pore,5.7298131,-71.9989674,"Cl 4 #20-22, La Esperanza, Pore, Casanare",,,,
Drogueria Copidescuentos Del Llano 24 Horad,farmacia,Pore,5.7253478,-71.9910821,"4 #10-1, Pore, Casanare",,,,
Droguería Salud Integral,farmacia,Pore,5.7295116,-71.9985206,"Cl 4, Pore, Casanare",,,,
autoservicio la marginal,tienda de productos cárnicos,Pore,5.7261379,-71.9920234,"Cl 4 #17 61, Centro, Pore, Casanare",,,,
Supermercado La 19,tienda de alimentación,Pore,5.7278875,-71.9962275,"Cl 4, Pore, Casanare",,,,
LACTEOS LOPEZ,tienda de alimentación,Pore,5.724076,-71.9905916,"Cl 4 #9-22, Pore, Casanare",,,,
Autoservicio Nuevo Almacen Pore,tienda de alimentación,Pore,5.7266561,-71.994425,"Cl 4 #14-18, Pore, Casanare",,,,
Automercado Poreñita,tienda de alimentación,Pore,5.7289259,-71.9981535,"Cl 4, Pore, Casanare",,,,
Taller Tecni Motos S&L,taller de reparación de automóviles,Pore,5.7233032,-71.9894341,"Cl 4, Pore, Casanare",,,,
Chalan Motos Servicio Técnico,taller de reparación de automóviles,Pore,5.7284726,-71.9974858,"Cl 4, Pore, Casanare",,,,
Almacén Automotriz Cavira Motor´s,taller de reparación de automóviles,Pore,5.7296527,-71.9986678,"Cra 20, Pore, Casanare",,,,
Servicio Eléctrico La Llave,taller de reparación de automóviles,Pore,5.7313509,-71.9961833,"Cra. 19, Pore, Casanare",,,,
Taller & Repuestos Sami,taller de reparación de automóviles,Pore,5.7259506,-71.9937177,"Cl 4 #155, Pore, Casanare",,,,
Tienda de bebes,tienda de ropa infantil,Pore,5.7286428,-71.9971754,"Cra. 18 #3-2, Pore, Casanare",,,,
Colory Moda Boutique,tienda de ropa,Pore,5.7286364,-71.9974066,"Cl 4 #1822, Pore, Casanare",,,,
Variedades viyavy,tienda de ropa,Pore,5.7287566,-71.9975154,"Cl 4 #18-44, Centro, Pore, Casanare",,,,
Variedades JC & Stilos,tienda de ropa de mujer,Pore,5.7261379,-71.9920235,"B Libertad, Cl 4 #18-15, Pore, Casanare",,,,
Primavera Accesorios Y Ropa,tienda de ropa,Pore,5.7283743,-71.9962706,"Cra. 17, Pore, Casanare",,,,
Papeleria M&D Casa Amarilla,papelería,Pore,5.7286089,-71.992337,"Cl. 6 #13-72, Pore, Casanare",,,,
Papeleria Nacho,papelería,Pore,5.729046,-71.9983109,"Cl 4 #19-33, Pore, Casanare",,,,
Belleza y detalles totis,papelería,Pore,5.7260507,-71.9920121,"Cl 4 #17-61, Centro, Pore, Casanare",,,,
Tienda y papeleria,comercio,Pore,5.7287312,-71.9971157,"Cra. 18 #3-2 a 3-104, Pore, Casanare",,,,
Papelería y Cacharrería Nueva Dely,papelería,Pore,5.7279826,-71.99694,"Cl 4 #17-39, La libertad, Pore, Casanare",,,,
Brasa y Sazón,restaurante,Nunchía,5.6348974,-72.195117,"Nunchía, Casanare",,,,
Los Helechos,restaurante,Nunchía,5.6374849,-72.1948465,"Nunchía, Casanare",,,,
EL BHO hamburguesería,hamburguesería,Nunchía,5.6358527,-72.193503,"Carrera 3 #6a - 46, Nunchía, Casanare",,,,
Restaurante Verde Y Natural,restaurante,Nunchía,5.6365617,-72.195696,"Nunchía, Casanare",,,,
Restaurante Salon de Onces y Comidas Rápidas,restaurante,Nunchía,5.6364986,-72.1929546,"Calle 8 #3-15, Nunchía, Casanare",,,,
Droguería La Esperanza,farmacia,Nunchía,5.6374702,-72.1946265,"Nunchía, Casanare",,,,
Drogas la gran salud 2,farmacia,Nunchía,5.6370798,-72.1952684,"Carrera 5 #n 5-29, Nunchía, Casanare",,,,
Drogueria,farmacia,Nunchía,5.6370779,-72.1952652,"Cra. 5ª, Nunchía, Casanare",,,,
Supermercado Bohórquez,tienda de alimentación,Nunchía,5.6363641,-72.1959206,"Cra. 5ª #5-42, Nunchía, Casanare",,,,
Agua Brisas del Tocaría,tienda de alimentación,Nunchía,5.634861,-72.1969024,"Nunchía, Casanare",,,,
AUTOSERVICIO MERKA - YA,tienda de alimentación,Nunchía,5.5212141,-72.2121797,"Vía Nunchia, Nunchía, Casanare",,,,
Autoservicio La Rivera,comercio,Nunchía,5.636921,-72.1954821,"Nunchía, Casanare",,,,
Montallantas Taller de Motos,taller de reparación de motos,Nunchía,5.635152,-72.1963673,"Nunchía, Casanare",,,,
TALLER DE MOTOS,taller de reparación de automóviles,Nunchía,5.640143,-72.1931078,"Cra. 6ª #1048, Nunchía, Casanare",,,,
Los Recuerdos De Ella,tienda de ropa,Nunchía,5.6330108,-72.1975187,"Nuchia, Nunchía, Casanare",,,,
Piñateria y variedades Talis,papelería,Nunchía,5.6366508,-72.1955429,"Cra. 5 #06 02 26, Nunchía, Casanare",,,,
Asociación de Mujeres con Propósito de Emprender,modista,Nunchía,5.6342191,-72.1962318,"Cra 4 #Nº 3 16, Nunchía, Casanare",,,,
Multisuministros Yoko H. Heredia,papelería,Nunchía,5.637266,-72.1944852,"Calle 7 #4 - 46, Nunchía, Casanare",,,,
Variedades Multitodo,papelería,Nunchía,5.6374695,-72.1961098,"Cl. 6 #5-83, Nunchía, Casanare",,,,
Miscelanea Y Papeleria Luby´s,tienda de coleccionables,Nunchía,5.6370451,-72.1951078,"Cra. 5ª #640, Nunchía, Casanare",,,,
Rocimar,papelería,Nunchía,5.634345,-72.196489,"Nunchía, Casanare",,,,
La Quesera Parque,restaurante,Maní,4.8124687,-72.2788483,"Cl. 11 #4-41, Maní, Casanare",,,,
Chorizaòs Mani,restaurante,Maní,4.8158511,-72.282961,"Cra. 4 #16-90, Maní, Casanare",,,,
Comidas rapidas Chelita,restaurante,Maní,4.8120094,-72.2831807,"Cra. 2 # 13-91, Maní, Casanare",,,,
Restaurante El Gran Mojarron,restaurante,Maní,4.8161668,-72.2862189,"Cra. 2 #18-11, Maní, Casanare",,,,
Broaster del Chef Maní,restaurante especializado en pollo,Maní,4.8118338,-72.2824089,"Cra. 2 #13-50, Maní, Casanare",,,,
Ferretería Mega Construcciones,proveedor de materiales de construcción,Maní,4.8176955,-72.2778453,"854010 Calle 14 # 8 - 56, Maní, Casanare",,,,
Almacen el Colmado,ferretería,Maní,4.8137899,-72.2850126,"Cra. 2 #16-53, Maní, Casanare",,,,
Ferreteria El Quindio,ferretería,Maní,4.8155582,-72.2842322,"Cl. 17 #32 a 3-188, Maní, Casanare",,,,
Ferreteria el maestro,ferretería,Maní,4.589018,-71.9617199,"Maní, Casanare",,,,
Ferreteria El Zafiro - Cementos Argos,tienda de herramientas,Maní,4.8146523,-72.2830509,"Cl. 16 # 3 116, Maní, Casanare",,,,
Drogeria Farmallanos,farmacia,Maní,4.8144673,-72.2839608,"Cl. 3 #16_41, Maní, Casanare",,,,
Ips La Llanerita,farmacia,Maní,4.8153413,-72.2825169,"a 16-180,, Cra. 4 #162, Maní, Casanare",,,,
Drogueria Farmacopy,farmacia,Maní,4.8121285,-72.2791513,"Maní, Casanare",,,,
Drogueria Doña Aura,farmacia,Maní,4.8193261,-72.2867242,"Cra. 4, Maní, Casanare",,,,
Drogueria Nueva Era,farmacia,Maní,4.8128777,-72.2799348,"Cra. 4 #11-120, Maní, Casanare",,,,
Supermercado Trinidad,supermercado,Maní,4.8150146,-72.2805377,"a 14-104,, Cra. 5 #142, Maní, Casanare",,,,
Supermercado La Profe,supermercado,Maní,4.8189544,-72.2844752,"a 5-100,, Cl. 20 #5-2, Maní, Casanare",,,,
Supermercado,tienda de alimentación,Maní,4.8168275,-72.2851075,"Cl. 3 #18-2 a 18-118, Maní, Casanare",,,,
supermercado El eslavon,supermercado,Maní,4.8136776,-72.2828732,"a 3-174, Cl. 15 #3-2, Maní, Casanare",,,,
D1 MANI CASANARE,tienda de alimentación,Maní,4.8161519,-72.2851905,"Maní, Casanare",,,,
Taller llano car,taller mecánico,Maní,4.3092507,-72.0801832,"Villa Ortiz, Cl. 11 #15 - 32, Puerto Gaitán, Meta",,,,
Sucursal Almacén y Taller Henry,taller de reparación de automóviles,Maní,4.310083,-72.0804933,"Cra. 14 #11 09, Puerto Gaitán, Meta",,,,
MMT LTDA,oficinas de empresa,Maní,4.8214577,-72.2828132,"Cra. 8 #20-59, Maní, Casanare",,,,
SERVITECA PUERTO GAITAN,taller de automóviles,Maní,4.3365933,-71.9960117,"ALTOS DE MANACACIAS, CALLE 18 #11A -40, Puerto Gaitán, Meta",,,,
Taller de bicicletas EL BOBY,taller mecánico,Maní,4.8146106,-72.2853392,"854010, Maní, Casanare",,,,
Variedades chicos & chicas,tienda de ropa de hogar,Maní,4.8131661,-72.2844493,"Cra. 2 #15-77, Maní, Casanare",,,,
Todo A 6.000 Y 12.000,tienda de ropa,Maní,4.813887,-72.2833759,"Cl. 3 #1527, Maní, Casanare",,,,
TIENDA DE ROPA DUQUE & GAITAN,tienda de ropa,Maní,4.81563,-72.2844583,"Cl. 17 #3-55, Maní, Casanare",,,,
Papeleria Santa Teresa,tienda de regalos,Maní,4.8114811,-72.2823496,"Cl. 13, Maní, Casanare",,,,
Papeleria Acuario,tienda de artesanías,Maní,4.8140232,-72.2835539,"a 15-109,, Cl. 3 #151, Maní, Casanare",,,,
TesorosdeColores,papelería,Maní,4.820392,-72.2849631,"Cl. 21 #6-10, Maní, Casanare",,,,
Papeleria y Variedades Lamiz,papelerías,Maní,4.8139575,-72.2846818,"Cra. 2, Maní, Casanare",,,,
Papeleria Maniceñita,tienda de artesanías,Maní,4.8164942,-72.2844224,"Cl. 18 #32 a 3-160, Maní, Casanare",,,,
Restaurante la CATRINA,restaurante,Sabanalarga,4.8545596,-73.0403436,"Cra. 6, Sabanalarga, Casanare",,,,
Chicken broaster,restaurante especializado en pollo,Sabanalarga,4.8549543,-73.041207,"Cl. 5 #7-35, Sabanalarga, Casanare",,,,
NATIVOS,restaurante colombiano,Sabanalarga,4.8518297,-73.0408113,"Cra. 6 #2-05, Sabanalarga, Casanare",,,,
Amantes del Sabor,restaurante,Sabanalarga,4.8540874,-73.0410641,"Calle 4 # 6 -22 3125969625, Sabanalarga, Casanare",,,,
Farma Ross,farmacia,Sabanalarga,4.8554711,-73.0406231,"a 5-108, Cra. 7 #5-2, Sabanalarga, Casanare",,,,
FarmaSabana,farmacia,Sabanalarga,4.8559102,-73.0396744,"Cra. 6 #6-74, Sabanalarga, Casanare",,,,
Tienda Los Naranjos,tienda de alimentación,Sabanalarga,4.8571781,-73.0381956,"cra4#8b21, Sabanalarga, Casanare",,,,
Tienda Juan Perez,tienda de alimentación,Sabanalarga,4.8519728,-73.0404197,"Sabanalarga, Casanare",,,,
Autoservicio La Paz,supermercado,Sabanalarga,4.8549,-73.040785,"Cl. 5 #62 a 6-72, Sabanalarga, Casanare",,,,
HIPERLLANOS SUPERMERCADO,supermercado,Sabanalarga,4.8540601,-73.0410279,"Cl. 4 #6-15, Sabanalarga, Casanare",,,,
Autoservicio Surticamp,supermercado,Sabanalarga,4.8541271,-73.0409989,"a 6-75, Cl. 4 #6-11, Sabanalarga, Casanare",,,,
Taller motos,taller de reparación de motos,Sabanalarga,4.8561164,-73.0401187,"Sabanalarga, Casanare",,,,
TECNITORRES,taller mecánico,Sabanalarga,4.7443843,-73.0047042,"Sabanalarga, Casanare",,,,
Papeleria y Variedades ISABELLA,papelería,Sabanalarga,4.7472285,-72.9993827,"Centro poblado Aguaclara, Carrera 5 #2 - 56, Aguaclara, Sabanalarga, Casanare",,,,
Papeleria FESDA,papelerías,Sabanalarga,4.8191933,-73.0721567,"San Luis de Gaceno-El Secreto, El Secreto, Sabanalarga, Casanare",,,,
Restaurante & Bar - Don'D Murillo,restaurante,Támara,5.8302631,-72.1621869,"Cl. 6 #2-2 a 2-42, Támara, Tamará, Casanare",,,,
Cooperativa De Caficultores De Tamara,oficinas de empresa,Támara,5.8298949,-72.1642525,"a 5-68, Cl. 6 #5-2, Támara, Casanare",,,,
Restaurante colonial,restaurante,Támara,5.8294703,-72.1632752,"Cl. 5 #9-25, Támara, Tamará, Casanare",,,,
El buen sazón tamareño,restaurante colombiano,Támara,5.8303245,-72.1619316,"Principal de, Támara, Tamará, Casanare",,,,
Café Támara ~ Artesanal,cafetería,Támara,5.3445263,-72.4004555,"Cl. 12 #18-39, Yopal, Casanare",,,,
Ferretería J.J. Fercom,ferretería,Támara,5.7303368,-71.9988506,"Pore, Casanare",,,,
Viveres Doña Elena,tienda de alimentación,Támara,5.8287834,-72.1628444,"Cra. 4 #320, Támara, Tamará, Casanare",,,,
Distribuciones Tamara,supermercado,Támara,5.8296436,-72.1630064,"Cra 9 #5 - 04, Támara, Tamará, Casanare",,,,
Supermercado Disfruverts,tienda de alimentación,Támara,5.8293839,-72.1629866,"Cra. 4 #430, Támara, Tamará, Casanare",,,,
TIENDA LA BENDICIN DEL TABLN,tienda de alimentación,Támara,5.7358356,-72.1027742,"Tamara, El Tablon, Tamará, Casanare",,,,
PUNTO RENAULT YOPAL,taller mecánico,Támara,5.3313317,-72.4079903,"Cl. 24 #6-76, La Campiña, Yopal, Casanare",,,,
Ribera Automotriz,taller de reparación de automóviles,Támara,5.3375636,-72.3949714,"carrera 20#21-70, Yopal, Casanare",,,,
Talleres F.c Mantenimiento De Maquinaria Pesada,taller mecánico,Támara,5.3072133,-72.4038003,"Yopal-Guarataro, Yopal, Casanare",,,,
Servicell Tamara,comercio,Támara,5.8295117,-72.1632402,"Cl. 5 #19-15, Centro, Támara, Tamará, Casanare",,,,
Tienda D Y D,comercio,Támara,5.8297086,-72.1630647,"Cra. 4 #492, Támara, Tamará, Casanare",,,,
Señora Sara Calzado e impresión,tienda de botas,Támara,5.8279998,-72.1641238,"Tienda de calzado, Cra. 4 #4-09, Támara, Tamará, Casanare",,,,
Almacen Nuevo Dia,comercio,Támara,5.8298554,-72.1631846,"Cra. 4 #529, Támara, Tamará, Casanare",,,,
Restaurante Flamas Parrilla,restaurante,Hato Corozal,6.1601673,-71.7612657,"Cl. 14 #6-71, Hato Corozal, Casanare",,,,
Restaurante VAMOS ONDE CIELO,restaurante,Hato Corozal,6.1582415,-71.7708476,"Urbanización las Cayenas, Cra. 16 #8 77, Hato Corozal, Casanare",,,,
Restaurante Los Libertadores,restaurante,Hato Corozal,6.1543499,-71.773266,"Cl. 4 #17-2 a 17-98, Hato Corozal, Casanare",,,,
LA ESTACIN RESTO,restaurante,Hato Corozal,6.1536728,-71.7730828,"Cl. 3 #18-26, Hato Corozal, Casanare",,,,
Tercer Tiempo.,chiringuito,Hato Corozal,6.1530207,-71.7671858,"a 11-104,, Cl. 4 #112, Hato Corozal, Casanare",,,,
BERAKAH CERAMICAS Y TERMINADOS,ferretería,Hato Corozal,6.1591332,-71.7703686,"Calle 10 No. 11 - 46 Barrio 20 de Julio, Hato Corozal, Casanare",,,,
Ferretería Napoleón Rodriguez,tienda de herramientas,Hato Corozal,6.1585367,-71.761073,"Cl. 12 #6-04, Hato Corozal, Casanare",,,,
Ferretería Soluciones el Gavan,ferretería,Hato Corozal,6.1543298,-71.7658744,"Cra. 11 #6 38, EL PROGRESO, Hato Corozal, Norte de Santander",,,,
Ferretería PROFAS,ferretería,Hato Corozal,6.1522234,-71.768853,"252010, Hato Corozal, Casanare",,,,
Ferrelectricos Merchan´s,ferretería,Hato Corozal,6.1568235,-71.7652137,"852010, Libertadores, Hato Corozal, Casanare",,,,
Droguería Familiar D.M.,farmacia,Hato Corozal,6.1561082,-71.7663834,"Cra. 12, Hato Corozal, Casanare",,,,
Droguería Álvarez,farmacia,Hato Corozal,6.1590714,-71.7634198,"Cl. 12 #935, Hato Corozal, Casanare",,,,
DROGERIA COROZAL.PLUS.S.A.S,farmacia,Hato Corozal,6.1590651,-71.7636001,"Cl. 12 #9 49, Hato Corozal, Casanare",,,,
Drogueria Piedemonte,farmacia,Hato Corozal,6.1526404,-71.7676701,"a 11-104, Cl. 4 #112, Hato Corozal, Casanare",,,,
Droguería El Regalo,farmacia,Hato Corozal,6.1583748,-71.7609422,"Cl. 12, Hato Corozal, Casanare",,,,
Placita Corozaleña,tienda de alimentación,Hato Corozal,6.1563435,-71.7664937,"Hato Corozal, Casanare",,,,
SUPERVIVERES LA VIA,supermercado,Hato Corozal,6.1575003,-71.7661802,"Cl. 10 #11-7 a 11-1, Hato Corozal, Casanare",,,,
Supermercado san sebastian,supermercado,Hato Corozal,6.1590311,-71.7632779,"Cl. 12 #9 15, Hato Corozal, Casanare",,,,
Supermercado Eans,tienda de alimentación,Hato Corozal,6.1501983,-71.7694765,"Hato Corozal, Casanare",,,,
Fruviveres Eko-Max,tienda de alimentación,Hato Corozal,6.1510343,-71.7691699,"Cra. 11, Hato Corozal, Casanare",,,,
TALLER MECÁNICO AUTOMOTRIZ,taller de reparación de automóviles,Hato Corozal,6.1511595,-71.7690974,"Cra. 11 #13-46 a 13-180, Hato Corozal, Casanare",,,,
efecty progreso,tienda de ropa,Hato Corozal,6.157674,-71.7662617,"Cra. 12, Hato Corozal, Casanare",,,,
Almacén Y Variedades Isabella,tienda de ropa,Hato Corozal,6.1584041,-71.7612417,"Cra. 6, Hato Corozal, Casanare",,,,
El Roperito HTZ,boutique,Hato Corozal,6.1559224,-71.7727217,"Cl. 6 #carrera 19, Hato Corozal, Casanare",,,,
MariaE Boutique,tienda de ropa de mujer,Hato Corozal,6.1566758,-71.7664236,"Cra. 12 #10, Hato Corozal, Casanare",,,,
KOAJ BASIC HATO COROZAL,tienda de ropa,Hato Corozal,6.1568235,-71.7652137,"Av Tirso Delgado, Cra. 12 #9-26, Hato Corozal, Casanare",,,,
Papeleria y Miscelanea La Comercial Hato Corozal Detalles Naniz,papelería,Hato Corozal,6.1586363,-71.7625021,"Cl. 12 #8 - 37, Hato Corozal, Casanare",,,,
Papelería y variedades FE,papelería,Hato Corozal,6.1575473,-71.7641007,"Cl. 10 #9#64 p, Hato Corozal, Casanare",,,,
PAPELERÍA Y COMUNICACIONES ALEX,oficinas de empresa,Hato Corozal,6.1583582,-71.7608729,"Cl. 12 #79 N° 6, Hato Corozal, Casanare",,,,
