nombre,categoria,latitud,longitud,servicios,ciudad
Plaza Real Yopal,hotel,5.3469656,-72.3976719,Habitaciones; Recepción / atención al cliente; Recepción 24 horas; Seguridad; Extintores / sistema contra incendios,Perímetro Urbano Yopal
Hacienda La Cabaña,hotel,4.7060529,-72.7046293,Habitaciones; Recepción / atención al cliente; Wi-Fi gratuito; Estacionamiento; Servicio de limpieza,Tauramena
Atalayas,hotel,5.3396898,-72.3970981,Habitaciones; Recepción / atención al cliente; Estacionamiento; Servicio de limpieza; Guarda equipaje,Perímetro Urbano Yopal
Cantaclaro,hotel,5.348352,-72.3982676,Habitaciones; Recepción / atención al cliente; Estacionamiento; Servicio de limpieza; Guarda equipaje,Perímetro Urbano Yopal
Brisas del Río,hotel,5.3501148,-72.3984711,Habitaciones; Recepción / atención al cliente; Wi-Fi gratuito; Estacionamiento; Servicio de limpieza,Perímetro Urbano Yopal
Campin,hotel,5.34722,-72.3993724,Habitaciones; Recepción / atención al cliente; Información turística; Servicio de transporte / traslado; Pago con tarjeta,Perímetro Urbano Yopal
Casablanca,hotel,5.3477113,-72.3995226,Habitaciones; Recepción / atención al cliente; Pago con tarjeta; Recepción 24 horas; Seguridad,Perímetro Urbano Yopal
Costa Azul del Llano,hotel,5.3470242,-72.4009898,Habitaciones; Recepción / atención al cliente; Recepción 24 horas; Seguridad; Extintores / sistema contra incendios,Perímetro Urbano Yopal
Maren´s,hotel,5.348422,-72.3958801,Habitaciones; Recepción / atención al cliente; Estacionamiento; Servicio de limpieza; Guarda equipaje,Perímetro Urbano Yopal
El Edén,hotel,5.34612,-72.4008851,Habitaciones; Recepción / atención al cliente; Información turística; Pago con tarjeta; Recepción 24 horas,Perímetro Urbano Yopal
Danubio Azul,hotel,5.3465956,-72.402473,Habitaciones; Recepción / atención al cliente; Estacionamiento; Servicio de limpieza; Guarda equipaje,Perímetro Urbano Yopal
Hotel del Llano,hotel,5.3394332,-72.3966043,Habitaciones; Recepción / atención al cliente; Información turística; Pago con tarjeta; Recepción 24 horas,Perímetro Urbano Yopal
Florida,hotel,5.3431666,-72.4003272,Habitaciones; Recepción / atención al cliente; Pago con tarjeta; Recepción 24 horas; Seguridad,Perímetro Urbano Yopal
Garzas del Oriente,hotel,5.3454951,-72.3984711,Habitaciones; Recepción / atención al cliente; Pago con tarjeta; Recepción 24 horas; Seguridad,Perímetro Urbano Yopal
Gaván,hotel,5.3469187,-72.4009267,Habitaciones; Recepción / atención al cliente; Estacionamiento; Servicio de limpieza; Guarda equipaje,Perímetro Urbano Yopal
Iximena,hotel,5.3493954,-72.4001681,Habitaciones; Recepción / atención al cliente; Recepción 24 horas; Seguridad; Extintores / sistema contra incendios,Perímetro Urbano Yopal
Llanorama,hotel,5.3422373,-72.3973661,Habitaciones; Recepción / atención al cliente; Seguridad; Extintores / sistema contra incendios; Wi-Fi gratuito,Perímetro Urbano Yopal
Luna Roja,hotel,5.349554,-72.3990505,Habitaciones; Recepción / atención al cliente; Pago con tarjeta; Recepción 24 horas; Seguridad,Perímetro Urbano Yopal
Mi Llanura,hotel,5.3475416,-72.4011295,Habitaciones; Recepción / atención al cliente; Pago con tarjeta; Recepción 24 horas; Seguridad,Perímetro Urbano Yopal
Morgan,hotel,5.3453321,-72.3999999,Habitaciones; Recepción / atención al cliente; Wi-Fi gratuito; Estacionamiento; Servicio de limpieza,Perímetro Urbano Yopal
Nuevo Embajador,hotel,5.3475564,-72.4003594,Habitaciones; Recepción / atención al cliente; Estacionamiento; Servicio de limpieza; Guarda equipaje,Perímetro Urbano Yopal
Portal del Llano,hotel,5.3479784,-72.400456,Habitaciones; Recepción / atención al cliente; Información turística; Pago con tarjeta; Recepción 24 horas,Perímetro Urbano Yopal
Paraiso del Llano,hotel,5.3469161,-72.3999625,Habitaciones; Recepción / atención al cliente; Pago con tarjeta; Recepción 24 horas; Seguridad,Perímetro Urbano Yopal
Real´s,hotel,5.3421729,-72.3970764,Habitaciones; Recepción / atención al cliente; Extintores / sistema contra incendios; Wi-Fi gratuito; Estacionamiento,Perímetro Urbano Yopal
Samara,hotel,5.3440957,-72.3953973,Habitaciones; Recepción / atención al cliente; Wi-Fi gratuito; Estacionamiento; Servicio de limpieza,Perímetro Urbano Yopal
San Carlos de Yopal,hotel,5.347952,-72.4016254,Habitaciones; Recepción / atención al cliente; Servicio de transporte / traslado; Información turística; Pago con tarjeta,Perímetro Urbano Yopal
San Sebastian Real,hotel,5.3497893,-72.4016737,Habitaciones; Recepción / atención al cliente; TV en habitaciones; Baño privado; Servicio de transporte / traslado,Perímetro Urbano Yopal
Villas,hotel,5.3481867,-72.4017488,Habitaciones; Recepción / atención al cliente; Recepción 24 horas; Seguridad; Extintores / sistema contra incendios,Perímetro Urbano Yopal
Xcaret Suite,hotel,5.3468573,-72.3996352,Habitaciones; Recepción / atención al cliente; Recepción 24 horas; Seguridad; Extintores / sistema contra incendios,Perímetro Urbano Yopal
California Real,hotel,5.3464674,-72.402473,Habitaciones; Recepción / atención al cliente; TV en habitaciones; Baño privado; Servicio de transporte / traslado,Perímetro Urbano Yopal
El Atajo,hotel,5.3460188,-72.4015128,Habitaciones; Recepción / atención al cliente; TV en habitaciones; Baño privado; Servicio de transporte / traslado,Perímetro Urbano Yopal
Hotel del Llano,hotel,5.3476956,-72.4008583,Habitaciones; Recepción / atención al cliente; Información turística; Pago con tarjeta; Recepción 24 horas,Perímetro Urbano Yopal
Llano Real,hotel,5.3419114,-72.3971783,Habitaciones; Recepción / atención al cliente; TV en habitaciones; Baño privado; Servicio de transporte / traslado,Perímetro Urbano Yopal
La Fontana,hotel,5.3470603,-72.4024247,Habitaciones; Recepción / atención al cliente; Wi-Fi gratuito; Estacionamiento; Servicio de limpieza,Perímetro Urbano Yopal
Yopal Plaza,hotel,5.3458425,-72.4005043,Habitaciones; Recepción / atención al cliente; Pago con tarjeta; Recepción 24 horas; Seguridad,Perímetro Urbano Yopal
San Andrés,hotel,5.3449169,-72.3997599,Habitaciones; Recepción / atención al cliente; Servicio de limpieza; Guarda equipaje; TV en habitaciones,Perímetro Urbano Yopal
Reina,hotel,5.3389012,-72.3969354,Habitaciones; Recepción / atención al cliente; TV en habitaciones; Baño privado; Servicio de transporte / traslado,Perímetro Urbano Yopal
Villa Clara,hotel,5.3484047,-72.3998758,Habitaciones; Recepción / atención al cliente; Recepción 24 horas; Seguridad; Extintores / sistema contra incendios,Perímetro Urbano Yopal
El Estero,hotel,5.3474264,-72.4013723,Habitaciones; Recepción / atención al cliente; Servicio de limpieza; Guarda equipaje; TV en habitaciones,Perímetro Urbano Yopal
Rey Salem,hotel,5.336076,-72.3940172,Habitaciones; Recepción / atención al cliente; Recepción 24 horas; Seguridad; Extintores / sistema contra incendios,Perímetro Urbano Yopal
El Garcero,hotel,5.3410057,-72.3973831,Habitaciones; Recepción / atención al cliente; Información turística; Pago con tarjeta; Recepción 24 horas,Perímetro Urbano Yopal
Royal Park,hotel,5.34589,-72.3979115,Habitaciones; Recepción / atención al cliente; Pago con tarjeta; Recepción 24 horas; Seguridad,Perímetro Urbano Yopal
Imperial Park,hotel,5.3406186,-72.4002584,Habitaciones; Recepción / atención al cliente; TV en habitaciones; Baño privado; Servicio de transporte / traslado,Perímetro Urbano Yopal
Oro Verde Esmeralda,hotel,5.3398682,-72.4010416,Habitaciones; Recepción / atención al cliente; Seguridad; Extintores / sistema contra incendios; Wi-Fi gratuito,Perímetro Urbano Yopal
Acuario´s Yopal,hotel,5.3429871,-72.3992768,Habitaciones; Recepción / atención al cliente; Seguridad; Extintores / sistema contra incendios; Wi-Fi gratuito,Perímetro Urbano Yopal
Brisas Cravo Sur,hotel,5.3501602,-72.3984158,Habitaciones; Recepción / atención al cliente; TV en habitaciones; Baño privado; Servicio de transporte / traslado,Perímetro Urbano Yopal
Balcones del Llano,hotel,5.3454064,-72.4000667,Habitaciones; Recepción / atención al cliente; Pago con tarjeta; Recepción 24 horas; Seguridad,Perímetro Urbano Yopal
La Floresta,hotel,5.3455428,-72.400414,Habitaciones; Recepción / atención al cliente; Servicio de limpieza; Guarda equipaje; TV en habitaciones,Perímetro Urbano Yopal
Casanare,hotel,5.3477075,-72.4015513,Habitaciones; Recepción / atención al cliente; Estacionamiento; Servicio de limpieza; Guarda equipaje,Perímetro Urbano Yopal
Dan´s,hotel,5.3476205,-72.4009505,Habitaciones; Recepción / atención al cliente; Wi-Fi gratuito; Estacionamiento; Servicio de limpieza,Perímetro Urbano Yopal
Casanare,hotel,5.3478315,-72.3992807,Habitaciones; Recepción / atención al cliente; Estacionamiento; Servicio de limpieza; Guarda equipaje,Perímetro Urbano Yopal
Providencia,hotel,5.3457058,-72.3993881,Habitaciones; Recepción / atención al cliente; Servicio de transporte / traslado; Información turística; Pago con tarjeta,Perímetro Urbano Yopal
D.K.CH,hotel,5.3184516,-72.3977185,Habitaciones; Recepción / atención al cliente; Estacionamiento; Servicio de limpieza; Guarda equipaje,Perímetro Urbano Yopal
Milenium,hotel,5.3390562,-72.3993063,Habitaciones; Recepción / atención al cliente; Guarda equipaje; TV en habitaciones; Baño privado,Perímetro Urbano Yopal
La Esquina del Sabor,hotel,5.3412861,-72.3911603,Habitaciones; Recepción / atención al cliente; Guarda equipaje; TV en habitaciones; Baño privado,Perímetro Urbano Yopal
La Guacava,hotel,5.3353038,-72.3912836,Habitaciones; Recepción / atención al cliente; TV en habitaciones; Baño privado; Servicio de transporte / traslado,Perímetro Urbano Yopal
Hospedaje y hotel la 23,hotel,5.3351768,-72.3897501,Habitaciones; Recepción / atención al cliente; Wi-Fi gratuito; Estacionamiento; Servicio de limpieza,Perímetro Urbano Yopal
Residencias Alfred's,hotel,5.335294,-72.3898091,Habitaciones; Recepción / atención al cliente; Pago con tarjeta; Recepción 24 horas; Seguridad,Perímetro Urbano Yopal
Capibara,hotel,5.3358048,-72.3900811,Habitaciones; Recepción / atención al cliente; Información turística; Pago con tarjeta; Recepción 24 horas,Perímetro Urbano Yopal
Hotel,hotel,5.3367097,-72.3909142,Habitaciones; Recepción / atención al cliente; Información turística; Pago con tarjeta; Recepción 24 horas,Perímetro Urbano Yopal
Cimarrón Llanero,hotel,5.345861,-72.3998656,Habitaciones; Recepción / atención al cliente; Seguridad; Extintores / sistema contra incendios; Wi-Fi gratuito,Perímetro Urbano Yopal
San Diego,hotel,5.3498553,-72.3980634,Habitaciones; Recepción / atención al cliente; Servicio de transporte / traslado; Información turística; Pago con tarjeta,Perímetro Urbano Yopal
Eco Hotel La Fortuna,hotel,5.0663748,-71.9733418,Habitaciones; Recepción / atención al cliente; Información turística; Recepción 24 horas; Seguridad,Yopal
Hotel Ganadero,hotel,4.6098629,-72.9273754,Habitaciones; Recepción / atención al cliente; Servicio de limpieza; Guarda equipaje; TV en habitaciones,Villanueva
Hotel El Castillo,hotel,4.6082569,-72.92506,Habitaciones; Recepción / atención al cliente; Wi-Fi gratuito; Recepción 24 horas; Servicio de limpieza,Villanueva
Hotel Montserrat,hotel,4.8846438,-72.8951507,Habitaciones; Recepción / atención al cliente; Recepción 24 horas; TV en habitaciones; Baño privado,Monterrey
Casa,casa de huéspedes,5.3316956,-72.3999319,Habitaciones; Recepción / atención al cliente; Extintores / sistema contra incendios; Wi-Fi gratuito; Estacionamiento,Perímetro Urbano Yopal
Hotel paraíso,hotel,5.3250821,-72.4036129,Habitaciones; Recepción / atención al cliente; Servicio de transporte / traslado; Información turística; Pago con tarjeta,Perímetro Urbano Yopal
Hotel El Balí,hotel,5.340986,-72.3997713,Habitaciones; Recepción / atención al cliente; Wi-Fi gratuito; Pago con tarjeta; Recepción 24 horas,Yopal
Hotel,hotel,5.8803492,-71.8949963,Habitaciones; Recepción / atención al cliente; Información turística; Pago con tarjeta; Recepción 24 horas,Paz de Ariporo
Hotel Herblan,hotel,5.1715528,-72.5495894,Habitaciones; Recepción / atención al cliente; Pago con tarjeta; Recepción 24 horas; Seguridad,Aguazul
Jesaley,hotel,5.4073077,-71.6640101,Habitaciones; Recepción / atención al cliente; Baño privado; Servicio de transporte / traslado; Información turística,Trinidad
hotel Rogers Confort,hotel,5.3250919,-72.3936936,Habitaciones; Recepción / atención al cliente; Pago con tarjeta; Recepción 24 horas; Seguridad,Perímetro Urbano Yopal
Luma,apartamento turístico,5.347082,-72.3953238,Habitaciones; Recepción / atención al cliente; Guarda equipaje; TV en habitaciones; Baño privado,Perímetro Urbano Yopal
Caminos de Sirivana,apartamento turístico,5.34928,-72.3870049,Habitaciones; Recepción / atención al cliente; Servicio de transporte / traslado; Información turística; Pago con tarjeta,Perímetro Urbano Yopal
C.D.I Luz del mañana,hostal,5.3264326,-72.4016524,Habitaciones; Recepción / atención al cliente; Guarda equipaje; TV en habitaciones; Baño privado,Perímetro Urbano Yopal
El Mañoso,hotel,5.3213502,-72.393434,Habitaciones; Recepción / atención al cliente; Wi-Fi gratuito; Recepción 24 horas; Servicio de transporte / traslado,Perímetro Urbano Yopal
Hotel Anamela,hotel,4.8216513,-72.2880132,Habitaciones; Recepción / atención al cliente; Estacionamiento; Servicio de limpieza; Guarda equipaje,Maní
Hotel Central,hotel,5.2136113,-72.8707664,Habitaciones; Recepción / atención al cliente; Información turística; Pago con tarjeta; Recepción 24 horas,Chámeza
Royal Fenix,hotel,5.346893,-72.3994428,Habitaciones; Recepción / atención al cliente; Wi-Fi gratuito; Información turística; Pago con tarjeta,Perímetro Urbano Yopal
Reserva Natural Hato La Aurora,hotel,6.0130645,-71.2986519,Habitaciones; Recepción / atención al cliente; Información turística; Guarda equipaje; TV en habitaciones,Paz de Ariporo
Juan Sólito,hotel,6.0135657,-71.2987377,Habitaciones; Recepción / atención al cliente; Wi-Fi gratuito; Seguridad; Extintores / sistema contra incendios,Paz de Ariporo
Hato Mata de Palma,hotel,5.2571293,-71.783096,Habitaciones; Recepción / atención al cliente; Información turística; Recepción 24 horas; Seguridad,San Luis de Palenque
Hato Altamira,hotel,5.2400115,-71.7946313,Habitaciones; Recepción / atención al cliente; Información turística; Extintores / sistema contra incendios; Wi-Fi gratuito,San Luis de Palenque
Hato Montana,hotel,5.2095842,-71.763264,Habitaciones; Recepción / atención al cliente; Información turística; Guarda equipaje; TV en habitaciones,San Luís de Palenque
Hotel Serranova,hotel,6.1570358,-71.7660201,Habitaciones; Recepción / atención al cliente; Seguridad; Extintores / sistema contra incendios; Wi-Fi gratuito,Hato Corozal
Corocora Camp,hotel,5.1912826,-71.7406637,Habitaciones; Recepción / atención al cliente; Información turística; Estacionamiento; Servicio de limpieza,San Luis de Palenque
Hotel La Alborada,hotel,5.6376028,-72.1938096,Habitaciones; Recepción / atención al cliente; Wi-Fi gratuito; Estacionamiento; Servicio de limpieza,Nunchía
Hospedaje agr Orocué,apartamento turístico,4.787979,-71.3385912,Habitaciones; Recepción / atención al cliente; Guarda equipaje; TV en habitaciones; Baño privado,Orocué
Villa polita,apartamento turístico,5.3513791,-72.4027798,Habitaciones; Recepción / atención al cliente; Servicio de transporte / traslado; Información turística; Pago con tarjeta,Perímetro Urbano Yopal
Motel Altos de San Pedro,motel,4.6543263,-72.9402069,Habitaciones; Recepción / atención al cliente; Servicio de transporte / traslado; Información turística; Pago con tarjeta,Villanueva
Hotal Real Santa Inés,hotel,4.6100093,-72.9326722,Habitaciones; Recepción / atención al cliente; Servicio de limpieza; Guarda equipaje; TV en habitaciones,Villanueva
Hotel Coltan,hotel,4.6097659,-72.9278123,Habitaciones; Recepción / atención al cliente; Baño privado; Servicio de transporte / traslado; Información turística,Villanueva
Hotel El Balcón de la Villa,hotel,4.6112923,-72.9273805,Habitaciones; Recepción / atención al cliente; TV en habitaciones; Baño privado; Servicio de transporte / traslado,Villanueva
Finca ecoturistica El Paraíso de Buganviles,casa de huéspedes,4.8504068,-72.8932307,Habitaciones; Recepción / atención al cliente; Wi-Fi gratuito; Información turística; Recepción 24 horas,Monterrey
Residencias Cúcuta,hotel,5.8801811,-71.8945373,Habitaciones; Recepción / atención al cliente; Información turística; Pago con tarjeta; Recepción 24 horas,Paz de Ariporo
Hotel Luna Roja,hotel,5.3479373,-72.3982595,Habitaciones; Recepción / atención al cliente; Servicio de transporte / traslado; Información turística; Pago con tarjeta,Perímetro Urbano Yopal
Hotel Romano,hotel,5.4072817,-71.6625685,Habitaciones; Recepción / atención al cliente; Recepción 24 horas; Seguridad; Extintores / sistema contra incendios,Trinidad
Mi Fundo Posada Turistica,hotel,5.007541,-72.7298617,Habitaciones; Recepción / atención al cliente; Wi-Fi gratuito; Información turística; Servicio de limpieza,Tauramena
Hotel Central El Yopal,hotel,5.3484407,-72.4018785,Habitaciones; Recepción / atención al cliente; Información turística; Pago con tarjeta; Recepción 24 horas,Perímetro Urbano Yopal
Hotel Haybore,hotel,5.3484398,-72.4017104,Habitaciones; Recepción / atención al cliente; Servicio de limpieza; Guarda equipaje; TV en habitaciones,Perímetro Urbano Yopal
Hotel Dandy,hotel,5.3486056,-72.4014903,Habitaciones; Recepción / atención al cliente; Baño privado; Servicio de transporte / traslado; Información turística,Perímetro Urbano Yopal
Hotel Aristi,hotel,5.3479832,-72.4016518,Habitaciones; Recepción / atención al cliente; Extintores / sistema contra incendios; Wi-Fi gratuito; Estacionamiento,Perímetro Urbano Yopal
La Posada Llanera Hotel G.P.C.,hotel,5.34782,-72.401574,Habitaciones; Recepción / atención al cliente; Wi-Fi gratuito; Estacionamiento; Servicio de limpieza,Perímetro Urbano Yopal
Hotel La Posada Casa Grande,hotel,5.3482255,-72.401614,Habitaciones; Recepción / atención al cliente; Recepción 24 horas; Seguridad; Extintores / sistema contra incendios,Perímetro Urbano Yopal
Hotel Estefany,hotel,5.3229673,-72.4038023,Habitaciones; Recepción / atención al cliente; Información turística; Pago con tarjeta; Recepción 24 horas,Perímetro Urbano Yopal
Hotel Nuevo Habitat,hotel,5.3212875,-72.4029386,Habitaciones; Recepción / atención al cliente; Recepción 24 horas; Seguridad; Extintores / sistema contra incendios,Perímetro Urbano Yopal
Hotel Y Residencias D.K.Ch.,hotel,5.3186141,-72.3979014,Habitaciones; Recepción / atención al cliente; Wi-Fi gratuito; Estacionamiento; Servicio de limpieza,Perímetro Urbano Yopal
Hotel Maria Helena,hotel,5.3189012,-72.3958153,Habitaciones; Recepción / atención al cliente; Guarda equipaje; TV en habitaciones; Baño privado,Perímetro Urbano Yopal
Hotel Manguare,hotel,5.3488032,-72.3947599,Habitaciones; Recepción / atención al cliente; Estacionamiento; Servicio de limpieza; Guarda equipaje,Perímetro Urbano Yopal
Hotel Nicolle,hotel,5.3442613,-72.3899487,Habitaciones; Recepción / atención al cliente; Guarda equipaje; TV en habitaciones; Baño privado,Perímetro Urbano Yopal
Hotel Holiday Inn Express,hotel,5.3464391,-72.3899728,Habitaciones; Recepción / atención al cliente; Servicio de transporte / traslado; Información turística; Pago con tarjeta,Perímetro Urbano Yopal
Hotel Manare Real,hotel,5.3355566,-72.382472,Habitaciones; Recepción / atención al cliente; Estacionamiento; Servicio de limpieza; Guarda equipaje,Perímetro Urbano Yopal
Hotel Manare Real,hotel,5.3361374,-72.3830373,Habitaciones; Recepción / atención al cliente; Estacionamiento; Servicio de limpieza; Guarda equipaje,Perímetro Urbano Yopal
Hospederia Marenos,hotel,5.3488132,-72.3960487,Habitaciones; Recepción / atención al cliente; Pago con tarjeta; Recepción 24 horas; Seguridad,Perímetro Urbano Yopal
Hotel El Jardin,hotel,5.3517214,-72.3975688,Habitaciones; Recepción / atención al cliente; Servicio de transporte / traslado; Información turística; Pago con tarjeta,Perímetro Urbano Yopal
Hotel Boutique Osborne,hotel,5.3492258,-72.3975004,Habitaciones; Recepción / atención al cliente; Baño privado; Servicio de transporte / traslado; Información turística,Perímetro Urbano Yopal
Hotel Casa Morales,hotel,5.3499949,-72.3978565,Habitaciones; Recepción / atención al cliente; Servicio de transporte / traslado; Información turística; Pago con tarjeta,Perímetro Urbano Yopal
Hotel Sol De Piedemonte,hotel,5.3499722,-72.3990212,Habitaciones; Recepción / atención al cliente; Seguridad; Extintores / sistema contra incendios; Wi-Fi gratuito,Perímetro Urbano Yopal
Hotel Hostal Del Parque,hotel,5.3488333,-72.4007187,Habitaciones; Recepción / atención al cliente; Wi-Fi gratuito; Estacionamiento; Servicio de limpieza,Perímetro Urbano Yopal
Hospedaje Rusio Moro,hotel,5.3370788,-72.3910712,Habitaciones; Recepción / atención al cliente; Baño privado; Servicio de transporte / traslado; Información turística,Perímetro Urbano Yopal
Hotel Restaurante Caporales,hotel,5.3367744,-72.3903349,Habitaciones; Recepción / atención al cliente; Recepción 24 horas; Seguridad; Extintores / sistema contra incendios,Perímetro Urbano Yopal
Hotel La Posada De Kevin,hotel,5.3362552,-72.3889711,Habitaciones; Recepción / atención al cliente; Servicio de limpieza; Guarda equipaje; TV en habitaciones,Perímetro Urbano Yopal
Hotel La Posada De Kevin,hotel,5.3359262,-72.389628,Habitaciones; Recepción / atención al cliente; Servicio de limpieza; Guarda equipaje; TV en habitaciones,Perímetro Urbano Yopal
Hotel El Gaban del Llano,hotel,5.3339809,-72.3930909,Habitaciones; Recepción / atención al cliente; Extintores / sistema contra incendios; Wi-Fi gratuito; Estacionamiento,Perímetro Urbano Yopal
Hotel Azul,hotel,5.3314913,-72.3937628,Habitaciones; Recepción / atención al cliente; Wi-Fi gratuito; Estacionamiento; Servicio de limpieza,Perímetro Urbano Yopal
Hotel La Capotera,hotel,5.3347981,-72.389494,Habitaciones; Recepción / atención al cliente; Extintores / sistema contra incendios; Wi-Fi gratuito; Estacionamiento,Perímetro Urbano Yopal
Hotel Emporio Llanero,hotel,5.3343229,-72.3969787,Habitaciones; Recepción / atención al cliente; Estacionamiento; Servicio de limpieza; Guarda equipaje,Perímetro Urbano Yopal
Hotel Emporio Real,hotel,5.3343507,-72.3968916,Habitaciones; Recepción / atención al cliente; Recepción 24 horas; Seguridad; Extintores / sistema contra incendios,Perímetro Urbano Yopal
Hotel Capitolio De Los Llanos Yopal,hotel,5.3337785,-72.3990971,Habitaciones; Recepción / atención al cliente; Wi-Fi gratuito; Estacionamiento; Servicio de limpieza,Perímetro Urbano Yopal
Hotel Villas Del Prado,hotel,5.3340692,-72.3991152,Habitaciones; Recepción / atención al cliente; Servicio de transporte / traslado; Información turística; Pago con tarjeta,Perímetro Urbano Yopal
Hotel El Transportador La 25,hotel,5.3322824,-72.4005434,Habitaciones; Recepción / atención al cliente; Recepción 24 horas; Seguridad; Extintores / sistema contra incendios,Perímetro Urbano Yopal
Hotel Millenium Del Llano,hotel,5.3291017,-72.3956068,Habitaciones; Recepción / atención al cliente; Pago con tarjeta; Recepción 24 horas; Seguridad,Perímetro Urbano Yopal
Hospedaje Muñoz,hotel,5.3154173,-72.4039672,Habitaciones; Recepción / atención al cliente; Wi-Fi gratuito; Estacionamiento; Servicio de limpieza,Perímetro Urbano Yopal
Hotel Los Angelos,hotel,5.3302808,-72.4078725,Habitaciones; Recepción / atención al cliente; Servicio de limpieza; Guarda equipaje; TV en habitaciones,Perímetro Urbano Yopal
Hotel Dagmara,hotel,5.3273164,-72.406349,Habitaciones; Recepción / atención al cliente; Servicio de transporte / traslado; Información turística; Pago con tarjeta,Perímetro Urbano Yopal
Hotel Villamaria de la 30 del Llano,hotel,5.326148,-72.4043213,Habitaciones; Recepción / atención al cliente; Baño privado; Servicio de transporte / traslado; Información turística,Perímetro Urbano Yopal
Hotel El Descanso Del Rey,hotel,5.3254163,-72.404163,Habitaciones; Recepción / atención al cliente; Recepción 24 horas; Seguridad; Extintores / sistema contra incendios,Perímetro Urbano Yopal
Hotel Alcaravan Yopal,hotel,5.3255765,-72.4048242,Habitaciones; Recepción / atención al cliente; Recepción 24 horas; Seguridad; Extintores / sistema contra incendios,Perímetro Urbano Yopal
Hotel Horeb De La 32,hotel,5.3239798,-72.4038224,Habitaciones; Recepción / atención al cliente; Servicio de transporte / traslado; Información turística; Pago con tarjeta,Perímetro Urbano Yopal
Hotel Capitals,hotel,5.3406104,-72.3975005,Habitaciones; Recepción / atención al cliente; Información turística; Pago con tarjeta; Recepción 24 horas,Perímetro Urbano Yopal
Hotel Cristal Oro,hotel,5.3407475,-72.3975799,Habitaciones; Recepción / atención al cliente; Recepción 24 horas; Seguridad; Extintores / sistema contra incendios,Perímetro Urbano Yopal
Hotel Casanare Royal,hotel,5.3398736,-72.3993773,Habitaciones; Recepción / atención al cliente; Servicio de transporte / traslado; Información turística; Pago con tarjeta,Perímetro Urbano Yopal
Hotel Terranova Apartahotel,hotel,5.339101,-72.3990129,Habitaciones; Recepción / atención al cliente; Baño privado; Servicio de transporte / traslado; Información turística,Perímetro Urbano Yopal
Hotel Granada Plaza Yopal,hotel,5.3404755,-72.3977347,Habitaciones; Recepción / atención al cliente; Baño privado; Servicio de transporte / traslado; Información turística,Perímetro Urbano Yopal
Hotel Sophia Real,hotel,5.3376562,-72.3952114,Habitaciones; Recepción / atención al cliente; Baño privado; Servicio de transporte / traslado; Información turística,Perímetro Urbano Yopal
Hotel Quitián,hotel,5.3398598,-72.3952775,Habitaciones; Recepción / atención al cliente; Extintores / sistema contra incendios; Wi-Fi gratuito; Estacionamiento,Perímetro Urbano Yopal
Hotel Colonial La Veinte,hotel,5.338794,-72.3953424,Habitaciones; Recepción / atención al cliente; Wi-Fi gratuito; Estacionamiento; Servicio de limpieza,Perímetro Urbano Yopal
Hospederia Atalayas,hotel,5.3351271,-72.3945515,Habitaciones; Recepción / atención al cliente; Servicio de limpieza; Guarda equipaje; TV en habitaciones,Perímetro Urbano Yopal
Hotel Las Americas Jc,hotel,5.3367208,-72.395419,Habitaciones; Recepción / atención al cliente; Extintores / sistema contra incendios; Wi-Fi gratuito; Estacionamiento,Perímetro Urbano Yopal
Hotel La Voragine Yopal,hotel,5.3366822,-72.392478,Habitaciones; Recepción / atención al cliente; Estacionamiento; Servicio de limpieza; Guarda equipaje,Perímetro Urbano Yopal
Hotel Concord,hotel,5.336287,-72.3912348,Habitaciones; Recepción / atención al cliente; Información turística; Pago con tarjeta; Recepción 24 horas,Perímetro Urbano Yopal
Hotel Continental Royal,hotel,5.3444114,-72.3988845,Habitaciones; Recepción / atención al cliente; Servicio de limpieza; Guarda equipaje; TV en habitaciones,Perímetro Urbano Yopal
Hotel Milan del Llano,hotel,5.3426539,-72.3975801,Habitaciones; Recepción / atención al cliente; TV en habitaciones; Baño privado; Servicio de transporte / traslado,Perímetro Urbano Yopal
Hotel Acuarios Yopal,hotel,5.3428599,-72.3993303,Habitaciones; Recepción / atención al cliente; Información turística; Pago con tarjeta; Recepción 24 horas,Perímetro Urbano Yopal
Hotel Iguazu Yopal,hotel,5.3438905,-72.4007995,Habitaciones; Recepción / atención al cliente; Servicio de limpieza; Guarda equipaje; TV en habitaciones,Perímetro Urbano Yopal
Hotel Descanso Llanero,hotel,5.3433973,-72.3979785,Habitaciones; Recepción / atención al cliente; Estacionamiento; Servicio de limpieza; Guarda equipaje,Perímetro Urbano Yopal
Hotel Cartago,hotel,5.3442365,-72.3984397,Habitaciones; Recepción / atención al cliente; Baño privado; Servicio de transporte / traslado; Información turística,Perímetro Urbano Yopal
Hotel Denver,hotel,5.3429302,-72.3958458,Habitaciones; Recepción / atención al cliente; Estacionamiento; Servicio de limpieza; Guarda equipaje,Perímetro Urbano Yopal
Hotel Casa David II,hotel,5.3431724,-72.3974605,Habitaciones; Recepción / atención al cliente; Pago con tarjeta; Recepción 24 horas; Seguridad,Perímetro Urbano Yopal
Hotel Quince Real,hotel,5.3436048,-72.3965864,Habitaciones; Recepción / atención al cliente; Recepción 24 horas; Seguridad; Extintores / sistema contra incendios,Perímetro Urbano Yopal
Hotel Imperial Park,hotel,5.340658,-72.4001954,Habitaciones; Recepción / atención al cliente; Guarda equipaje; TV en habitaciones; Baño privado,Perímetro Urbano Yopal
Hotel Orinoquia Real,hotel,5.3444098,-72.4017829,Habitaciones; Recepción / atención al cliente; Servicio de transporte / traslado; Información turística; Pago con tarjeta,Perímetro Urbano Yopal
Hotel Las Villas,hotel,5.3454938,-72.4001021,Habitaciones; Recepción / atención al cliente; TV en habitaciones; Baño privado; Servicio de transporte / traslado,Perímetro Urbano Yopal
Hotel Nogal De La 20,hotel,5.3458519,-72.3994951,Habitaciones; Recepción / atención al cliente; Guarda equipaje; TV en habitaciones; Baño privado,Perímetro Urbano Yopal
Eco Hotel Arrebol,hotel,5.3446036,-72.4003493,Habitaciones; Recepción / atención al cliente; Información turística; Servicio de limpieza; Guarda equipaje,Perímetro Urbano Yopal
Hotel Castillo Real De Yopal,hotel,5.3451872,-72.3999491,Habitaciones; Recepción / atención al cliente; Baño privado; Servicio de transporte / traslado; Información turística,Perímetro Urbano Yopal
Hotel Nuevo Castillo,hotel,5.3452353,-72.3999787,Habitaciones; Recepción / atención al cliente; Servicio de limpieza; Guarda equipaje; TV en habitaciones,Perímetro Urbano Yopal
Hotel Casimena,hotel,5.3446375,-72.3996158,Habitaciones; Recepción / atención al cliente; Guarda equipaje; TV en habitaciones; Baño privado,Perímetro Urbano Yopal
Hotel Moramay,hotel,5.345281,-72.4009876,Habitaciones; Recepción / atención al cliente; Baño privado; Servicio de transporte / traslado; Información turística,Perímetro Urbano Yopal
Hotel Colombia,hotel,5.3450758,-72.3998553,Habitaciones; Recepción / atención al cliente; Seguridad; Extintores / sistema contra incendios; Wi-Fi gratuito,Perímetro Urbano Yopal
Hotel Palmares Yopal,hotel,5.3445824,-72.399892,Habitaciones; Recepción / atención al cliente; Extintores / sistema contra incendios; Wi-Fi gratuito; Estacionamiento,Perímetro Urbano Yopal
Hotel Los Rosales,hotel,5.3448363,-72.4012564,Habitaciones; Recepción / atención al cliente; Guarda equipaje; TV en habitaciones; Baño privado,Perímetro Urbano Yopal
Hotel La Floresta,hotel,5.3455204,-72.4005888,Habitaciones; Recepción / atención al cliente; Información turística; Pago con tarjeta; Recepción 24 horas,Perímetro Urbano Yopal
Hotel Los Angeles De Yopal,hotel,5.3453946,-72.4004072,Habitaciones; Recepción / atención al cliente; Baño privado; Servicio de transporte / traslado; Información turística,Perímetro Urbano Yopal
Hotel Costa Del Rio,hotel,5.3467666,-72.4019885,Habitaciones; Recepción / atención al cliente; Wi-Fi gratuito; Estacionamiento; Servicio de limpieza,Perímetro Urbano Yopal
Hotel Los Nutibaras,hotel,5.346978,-72.402183,Habitaciones; Recepción / atención al cliente; Información turística; Pago con tarjeta; Recepción 24 horas,Perímetro Urbano Yopal
Hotel Country,hotel,5.3480945,-72.4022739,Habitaciones; Recepción / atención al cliente; Recepción 24 horas; Seguridad; Extintores / sistema contra incendios,Perímetro Urbano Yopal
Hotel China,hotel,5.3391058,-72.3954687,Habitaciones; Recepción / atención al cliente; Pago con tarjeta; Recepción 24 horas; Seguridad,Perímetro Urbano Yopal
Hostal Ay Si Si,hotel,5.3480957,-72.4001064,Habitaciones; Recepción / atención al cliente; Servicio de transporte / traslado; Información turística; Pago con tarjeta,Perímetro Urbano Yopal
Hotel La Casa De Juan,hotel,5.3474472,-72.3985059,Habitaciones; Recepción / atención al cliente; Servicio de transporte / traslado; Información turística; Pago con tarjeta,Perímetro Urbano Yopal
Hotel Los Virreyes Yopal,hotel,5.3476437,-72.4004548,Habitaciones; Recepción / atención al cliente; Servicio de transporte / traslado; Información turística; Pago con tarjeta,Perímetro Urbano Yopal
Hotel Hostal San Pablo,hotel,5.3483547,-72.4006228,Habitaciones; Recepción / atención al cliente; Servicio de transporte / traslado; Información turística; Pago con tarjeta,Perímetro Urbano Yopal
Hotel La Quinta Estación,hotel,5.347828,-72.3995907,Habitaciones; Recepción / atención al cliente; Información turística; Pago con tarjeta; Recepción 24 horas,Perímetro Urbano Yopal
Hotel Hostal El Eden Yopal,hotel,5.3466225,-72.4004627,Habitaciones; Recepción / atención al cliente; Wi-Fi gratuito; Estacionamiento; Servicio de limpieza,Perímetro Urbano Yopal
Hotel Embajador Yopal,hotel,5.3476011,-72.4005399,Habitaciones; Recepción / atención al cliente; Baño privado; Servicio de transporte / traslado; Información turística,Perímetro Urbano Yopal
Hotel Canaguay,hotel,5.3480544,-72.4002029,Habitaciones; Recepción / atención al cliente; Estacionamiento; Servicio de limpieza; Guarda equipaje,Perímetro Urbano Yopal
Hotel Camoruco,hotel,5.3493275,-72.3988956,Habitaciones; Recepción / atención al cliente; Servicio de transporte / traslado; Información turística; Pago con tarjeta,Perímetro Urbano Yopal
Hotel Canacabare Plaza,hotel,5.3471831,-72.3971691,Habitaciones; Recepción / atención al cliente; Servicio de transporte / traslado; Información turística; Pago con tarjeta,Perímetro Urbano Yopal
Hotel Brisas Del Bonaire,hotel,5.3481748,-72.4000361,Habitaciones; Recepción / atención al cliente; Estacionamiento; Servicio de limpieza; Guarda equipaje,Perímetro Urbano Yopal
Hotel El Flor Amarillo,hotel,5.3485818,-72.3983869,Habitaciones; Recepción / atención al cliente; Servicio de limpieza; Guarda equipaje; TV en habitaciones,Perímetro Urbano Yopal
Hotel Las Acacias Doña Lucila,hotel,5.3485463,-72.3988576,Habitaciones; Recepción / atención al cliente; Seguridad; Extintores / sistema contra incendios; Wi-Fi gratuito,Perímetro Urbano Yopal
Hotel Glorias Patria,hotel,5.3491339,-72.3978308,Habitaciones; Recepción / atención al cliente; Extintores / sistema contra incendios; Wi-Fi gratuito; Estacionamiento,Perímetro Urbano Yopal
Hotel Casanare,hotel,5.3470694,-72.4019744,Habitaciones; Recepción / atención al cliente; Recepción 24 horas; Seguridad; Extintores / sistema contra incendios,Perímetro Urbano Yopal
Finca Turística Altos de San Diego,hotel,4.6154851,-72.9543278,Habitaciones; Recepción / atención al cliente; Información turística; Pago con tarjeta; Recepción 24 horas,Villanueva
Motel 4x4,motel,5.1845023,-72.5484628,Habitaciones; Recepción / atención al cliente; Servicio de transporte / traslado; Información turística; Pago con tarjeta,Aguazul
Hotel Campestre Aguazul,hotel,5.0421245,-72.6094541,Habitaciones; Recepción / atención al cliente; Información turística; Servicio de limpieza; Guarda equipaje,Aguazul
Atlantis,motel,5.3344076,-72.3905258,Habitaciones; Recepción / atención al cliente; Información turística; Pago con tarjeta; Recepción 24 horas,Perímetro Urbano Yopal
Casa,casa de huéspedes,5.8801083,-71.8978652,Habitaciones; Recepción / atención al cliente; Extintores / sistema contra incendios; Wi-Fi gratuito; Estacionamiento,Paz de Ariporo
Casa Campesina Municipal,hotel,6.1274726,-72.3347977,Habitaciones; Recepción / atención al cliente; Información turística; Baño privado; Servicio de transporte / traslado,La Salina
Hotel Orquidea,hotel,5.1705459,-72.5497543,Habitaciones; Recepción / atención al cliente; Wi-Fi gratuito; Baño privado; Servicio de transporte / traslado,Aguazul
Hotel Bicentenario,hotel,5.7293561,-71.9988805,Habitaciones; Recepción / atención al cliente; Servicio de limpieza; Guarda equipaje; TV en habitaciones,Pore
Hotel Caminante Del Llano,hotel,5.7291198,-71.999055,Habitaciones; Recepción / atención al cliente; Guarda equipaje; TV en habitaciones; Baño privado,Pore
Hotel Cusiana,hotel,4.8099803,-72.2799542,Habitaciones; Recepción / atención al cliente; Extintores / sistema contra incendios; Wi-Fi gratuito; Estacionamiento,Maní
Hotel Casablanca,hotel,4.8246478,-72.2863142,Habitaciones; Recepción / atención al cliente; Servicio de limpieza; Guarda equipaje; TV en habitaciones,Maní
Hotel los capachos,hotel,4.7904331,-71.3408681,Habitaciones; Recepción / atención al cliente; Seguridad; Extintores / sistema contra incendios; Wi-Fi gratuito,Orocué
Hotel Colonial,hotel,4.8125939,-72.283384,Habitaciones; Recepción / atención al cliente; Baño privado; Servicio de transporte / traslado; Información turística,Mani
Hotel Casablanca Mani,hotel,4.8142999,-72.2839345,Habitaciones; Recepción / atención al cliente; Servicio de limpieza; Guarda equipaje; TV en habitaciones,Maní
Hotel UNO A,hotel,5.4103038,-71.6629113,Habitaciones; Recepción / atención al cliente; TV en habitaciones; Baño privado; Servicio de transporte / traslado,Trinidad
Hotel Luna roja,hotel,5.0836229,-72.6040854,Habitaciones; Recepción / atención al cliente; Wi-Fi gratuito; Estacionamiento; Servicio de limpieza,Aguazul
Hotel Violetas del llano,hotel,5.349094,-72.3989158,Habitaciones; Recepción / atención al cliente; Servicio de transporte / traslado; Información turística; Pago con tarjeta,Yopal - Casanare
San Lucas,hotel,5.3182119,-72.414169,Habitaciones; Recepción / atención al cliente; Wi-Fi gratuito; Baño privado; Servicio de transporte / traslado,Perímetro Urbano Yopal
Hato Mata de Palma,hotel,5.2572928,-71.7832851,Habitaciones; Recepción / atención al cliente; Wi-Fi gratuito; Información turística; Servicio de transporte / traslado,San Luis de Palenque
Hotel Menoa,hotel,5.0177707,-72.7527027,Habitaciones; Recepción / atención al cliente; Wi-Fi gratuito; Servicio de limpieza; Guarda equipaje,Tauramena
Hotel Central,hotel,4.6110441,-72.9284666,Habitaciones; Recepción / atención al cliente; Información turística; Pago con tarjeta; Recepción 24 horas,Villanueva
Paso Real,hotel,5.0155569,-72.7517447,Habitaciones; Recepción / atención al cliente; Wi-Fi gratuito; TV en habitaciones; Baño privado,Tauramena
San Ignacio,hotel,5.0168879,-72.7512996,Habitaciones; Recepción / atención al cliente; Guarda equipaje; TV en habitaciones; Baño privado,Tauramena
Hotel Araguaney,hotel,5.0162873,-72.7512622,Habitaciones; Recepción / atención al cliente; Baño privado; Servicio de transporte / traslado; Información turística,Tauramena
Dayus,hotel,5.0175192,-72.7527195,Habitaciones; Recepción / atención al cliente; Recepción 24 horas; Seguridad; Extintores / sistema contra incendios,Tauramena
Hotel Yaguazos,hotel,5.0163963,-72.7511999,Habitaciones; Recepción / atención al cliente; Pago con tarjeta; Recepción 24 horas; Seguridad,Tauramena
Mi Gran Llano,hotel,5.0169937,-72.7518017,Habitaciones; Recepción / atención al cliente; Extintores / sistema contra incendios; Wi-Fi gratuito; Estacionamiento,Tauramena
Posada Vida Urbana,hostal,5.0167866,-72.7517021,Habitaciones; Recepción / atención al cliente; Información turística; Pago con tarjeta; Recepción 24 horas,Tauramena
La Posada Tauramena,hotel,5.0167001,-72.7509803,Habitaciones; Recepción / atención al cliente; Baño privado; Servicio de transporte / traslado; Información turística,Tauramena
Hotel Llano Verde Real,hotel,5.4226305,-71.7291471,Habitaciones; Recepción / atención al cliente; Wi-Fi gratuito; TV en habitaciones; Baño privado,San Luis de Palenque
Reserva Natural El Boral,hotel,5.3173112,-71.7886855,Habitaciones; Recepción / atención al cliente; Información turística; Wi-Fi gratuito; Estacionamiento,San Luis de Palenque
Hospedaje Casa Residencial,hotel,5.4203096,-71.7300881,Habitaciones; Recepción / atención al cliente; Wi-Fi gratuito; Recepción 24 horas; Seguridad,San Luis de Palenque
Hotel Las Villas de San Luis,hotel,5.4212806,-71.7307614,Habitaciones; Recepción / atención al cliente; Wi-Fi gratuito; Estacionamiento; Servicio de limpieza,San Luis de Palenque
Finca El Dimante de Nadine,hotel,5.3559914,-71.8212276,Habitaciones; Recepción / atención al cliente; Información turística; Recepción 24 horas; Seguridad,San Luis de Palenque
Hotel Estelar,hotel,5.3500101,-72.400071,Habitaciones; Recepción / atención al cliente; Estacionamiento; Servicio de limpieza; Guarda equipaje,Yopal
Hato El Diamante,hotel,5.4171325,-71.69884,Habitaciones; Recepción / atención al cliente; Wi-Fi gratuito; Información turística; Estacionamiento,San Luis de Palenque
Manantial,hotel,5.3252243,-72.4051419,Habitaciones; Recepción / atención al cliente; Guarda equipaje; TV en habitaciones; Baño privado,Perímetro Urbano Yopal
Hotel Plaza Real,hotel,5.3468855,-72.3976516,Habitaciones; Recepción / atención al cliente; Seguridad; Extintores / sistema contra incendios; Wi-Fi gratuito,Perímetro Urbano Yopal
Hotel Llanorama,hotel,5.3423561,-72.3972817,Habitaciones; Recepción / atención al cliente; Servicio de transporte / traslado; Información turística; Pago con tarjeta,Perímetro Urbano Yopal
Amoblados,motel,5.3305305,-72.3789598,Habitaciones; Recepción / atención al cliente; Wi-Fi gratuito; Estacionamiento; Servicio de limpieza,Perímetro Urbano Yopal
Motel Las Palmas,motel,5.3194444,-72.4191067,Habitaciones; Recepción / atención al cliente; Pago con tarjeta; Recepción 24 horas; Seguridad,Perímetro Urbano Yopal
Hotel Campestre Aguamaco,hotel,4.8865271,-72.896967,Habitaciones; Recepción / atención al cliente; Información turística; Wi-Fi gratuito; Estacionamiento,Monterrey
Hotel Xcimena,hotel,5.3494121,-72.4001384,Habitaciones; Recepción / atención al cliente; Recepción 24 horas; Seguridad; Extintores / sistema contra incendios,Perímetro Urbano Yopal
Hotel Santa-Ana,hotel,5.3450983,-72.3969544,Habitaciones; Recepción / atención al cliente; Wi-Fi gratuito; Pago con tarjeta; Recepción 24 horas,Perímetro Urbano Yopal
Hotel Villamizar,hotel,5.0001996,-71.8849671,Habitaciones; Recepción / atención al cliente; Extintores / sistema contra incendios; Wi-Fi gratuito; Estacionamiento,Orocué
Hotel Denver,hotel,5.3431135,-72.3960304,Habitaciones; Recepción / atención al cliente; Estacionamiento; Servicio de limpieza; Guarda equipaje,Perímetro Urbano Yopal
Hotel Primavera,hotel,4.6121429,-72.9271043,Habitaciones; Recepción / atención al cliente; Extintores / sistema contra incendios; Wi-Fi gratuito; Estacionamiento,Villanueva
CEntro Turístico Versalles,hotel,4.614391,-72.9326582,Habitaciones; Recepción / atención al cliente; Información turística; Servicio de limpieza; Guarda equipaje,Villanueva
Hotel Villanueva Real,hotel,4.6135504,-72.9295612,Habitaciones; Recepción / atención al cliente; Recepción 24 horas; Seguridad; Extintores / sistema contra incendios,Villanueva
Hotel Lago Turístico,hotel,4.6119953,-72.9310502,Habitaciones; Recepción / atención al cliente; Wi-Fi gratuito; Recepción 24 horas; Información turística,Villanueva
Hotel Marlus Plaza,hotel,4.6111362,-72.9305431,Habitaciones; Recepción / atención al cliente; Servicio de transporte / traslado; Información turística; Pago con tarjeta,Villanueva
Motel Las Palmas,motel,4.6044883,-72.9384324,Habitaciones; Recepción / atención al cliente; Pago con tarjeta; Recepción 24 horas; Seguridad,Villanueva
Hotel,hotel,6.1274018,-72.3343103,Habitaciones; Recepción / atención al cliente; Información turística; Pago con tarjeta; Recepción 24 horas,La Salina
Hotel Casanare,orocue,Hotel,4.7882528,71.3392586; Habitaciones; Recepción / atención al cliente; Guarda equipaje; TV en habitaciones; Baño privado,Orocué
Hotel Palenque Los Cubarros,hotel,5.4223529,-71.7332551,Habitaciones; Recepción / atención al cliente; Wi-Fi gratuito; Servicio de limpieza; Guarda equipaje,San Luis de Palenque
Santa Maria Hotel,hotel,5.4217299,-71.7321127,Habitaciones; Recepción / atención al cliente; Wi-Fi gratuito; Baño privado; Servicio de transporte / traslado,San Luis de Palenque
Hotel Plaza Santiago,hotel,5.422268,-71.7300357,Habitaciones; Recepción / atención al cliente; Pago con tarjeta; Recepción 24 horas; Seguridad,San Luis de Palenque
Hospedaje Casa Residencial,hotel,5.4203079,-71.7301549,Habitaciones; Recepción / atención al cliente; Wi-Fi gratuito; Pago con tarjeta; TV en habitaciones,San Luis de Palenque
Hotel Bonaire,hotel,5.4202043,-71.7297901,Habitaciones; Recepción / atención al cliente; Wi-Fi gratuito; Recepción 24 horas; Seguridad,San Luis de Palenque
Hotel Campestre Villas de Santa Rita,hotel,5.0254277,-72.7506938,Habitaciones; Recepción / atención al cliente; Información turística; Estacionamiento; Servicio de limpieza,Tauramena
Hotel Arcoiris,hotel,6.1274964,-72.3351875,Habitaciones; Recepción / atención al cliente; Wi-Fi gratuito; Estacionamiento; Servicio de limpieza,La Salina
Hotel La Alborada,hotel,5.6373896,-72.1939136,Habitaciones; Recepción / atención al cliente; Wi-Fi gratuito; Estacionamiento; Servicio de limpieza,Nunchía
posada luz de luna,hotel,5.6374843,-72.1959886,Habitaciones; Recepción / atención al cliente; Recepción 24 horas; Seguridad; Extintores / sistema contra incendios,Nunchía
Hotel Nunchía,hotel,5.6381285,-72.1955537,Habitaciones; Recepción / atención al cliente; Estacionamiento; Servicio de limpieza; Guarda equipaje,Nunchía
Anamela,hotel,4.8218878,-72.2879673,Habitaciones; Recepción / atención al cliente; Baño privado; Servicio de transporte / traslado; Información turística,Maní
Hotel Cabañas El Paraiso,hotel,4.8172971,-72.2827336,Habitaciones; Recepción / atención al cliente; TV en habitaciones; Baño privado; Servicio de transporte / traslado,Maní
Hotel Colonial,hotel,4.812656,-72.2833127,Habitaciones; Recepción / atención al cliente; Baño privado; Servicio de transporte / traslado; Información turística,Maní
Hotel Sully Resort,hotel,4.8155767,-72.2801741,Habitaciones; Recepción / atención al cliente; TV en habitaciones; Baño privado; Servicio de transporte / traslado,Maní
Hotel Casablanca Mani,hotel,4.8142787,-72.2839173,Habitaciones; Recepción / atención al cliente; Servicio de limpieza; Guarda equipaje; TV en habitaciones,Maní
Hostal Paso Real,hotel,4.8167491,-72.284002,Habitaciones; Recepción / atención al cliente; Guarda equipaje; TV en habitaciones; Baño privado,Maní
Hotel Cabañas del Terminal,hotel,4.8170365,-72.2849583,Habitaciones; Recepción / atención al cliente; Baño privado; Servicio de transporte / traslado; Información turística,Maní
Hotel Maniru,hotel,4.8105481,-72.2814535,Habitaciones; Recepción / atención al cliente; Wi-Fi gratuito; Estacionamiento; Servicio de limpieza,Maní
Hotel Casablanca,hotel,4.8245619,-72.2864524,Habitaciones; Recepción / atención al cliente; Servicio de limpieza; Guarda equipaje; TV en habitaciones,Maní
Hotel El Consulado Antioqueño,hotel,5.4167712,-71.6647899,Habitaciones; Recepción / atención al cliente; Pago con tarjeta; Recepción 24 horas; Seguridad,Trinidad
Hotel El Viajero Maní,hotel,4.8138553,-72.2845562,Habitaciones; Recepción / atención al cliente; Servicio de transporte / traslado; Información turística; Pago con tarjeta,Maní
Hotel El Carajo,hotel,4.8135191,-72.284778,Habitaciones; Recepción / atención al cliente; Seguridad; Extintores / sistema contra incendios; Wi-Fi gratuito,Maní
Hotel el Tobal,hotel,6.0995337,-72.2484589,Habitaciones; Recepción / atención al cliente; Seguridad; Extintores / sistema contra incendios; Wi-Fi gratuito,Sácama
Hotel el Cimarron,hotel,6.0988809,-72.2494565,Habitaciones; Recepción / atención al cliente; TV en habitaciones; Baño privado; Servicio de transporte / traslado,Sácama
Hotel Caricari,hotel,5.1693379,-72.5495878,Habitaciones; Recepción / atención al cliente; Wi-Fi gratuito; Servicio de transporte / traslado; Información turística,Aguazul
Hotel Señorial,hotel,5.1695518,-72.5497917,Habitaciones; Recepción / atención al cliente; Wi-Fi gratuito; Seguridad; Extintores / sistema contra incendios,Aguazul
Hotel Pacandé,hotel,4.6080829,-72.9262439,Habitaciones; Recepción / atención al cliente; Wi-Fi gratuito; Seguridad; Extintores / sistema contra incendios,Villanueva
Hotel Real,hotel,4.6134353,-72.9299092,Habitaciones; Recepción / atención al cliente; Pago con tarjeta; Recepción 24 horas; Seguridad,Villanueva
Glamping y cabañas El Maná,hotel,4.6575167,-72.9389364,Habitaciones; Recepción / atención al cliente; Información turística; TV en habitaciones; Baño privado,Villanueva
Motel Altos de San Pedro,motel,4.6542948,-72.940263,Habitaciones; Recepción / atención al cliente; Wi-Fi gratuito; Servicio de limpieza; Guarda equipaje,Villanueva
Hotel Campestre El Mirador,hotel,4.6039333,-72.9096602,Habitaciones; Recepción / atención al cliente; Información turística; Servicio de limpieza; Guarda equipaje,Villanueva
hotel la alborada,hotel,5.158714,-72.5731635,Habitaciones; Recepción / atención al cliente; Estacionamiento; Servicio de limpieza; Guarda equipaje,Aguazul
Hato Montana,hotel,5.2095843,-71.7632665,Habitaciones; Recepción / atención al cliente; Información turística; Guarda equipaje; TV en habitaciones,San Luís de Palenque
Hospedaje Casa Residencial,hotel,5.4203834,-71.7302033,Habitaciones; Recepción / atención al cliente; Guarda equipaje; TV en habitaciones; Baño privado,San Luis de Palenque
Reserva Natural El Boral,hotel,5.3173112,-71.7884011,Habitaciones; Recepción / atención al cliente; Información turística; Wi-Fi gratuito; Estacionamiento,San Luis de Palenque
Reserva Natural El Boral,hotel,5.3166991,-71.7882815,Habitaciones; Recepción / atención al cliente; Información turística; Wi-Fi gratuito; Estacionamiento,San Luis de Palenque
